Area_Code,Area_age,Count_Persons_age,Pct_0-4,Pct_5-7,Pct_8-9,Pct_10-14,Pct_15,Pct_16-17,Pct_18-19,Pct_20-24,Pct_25-29,Pct_30-44,Pct_45-59,Pct_60-64,Pct_65-74,Pct_75-84,Pct_85-89,Pct_90p,Mean_age,Median_age,id,Region_Code,Region,Area_ref,Electorate,ExpectedBallots,VerifiedBallotPapers,Pct_Turnout,Votes_Cast,Valid_Votes,Remain,Leave,Rejected_Ballots,No_official_mark,Voting_for_both_answers,Writing_or_mark,Unmarked_or_void,Pct_Remain,Pct_Leave,Pct_Rejected,Area,Count_Persons_quals,Pct_None,Pct_Level1,Pct_Level2,Pct_Apprentice,Pct_Level3,Pct_Level4
E06000001,Hartlepool UA,"92,028",6.2,3.5,2.2,6.1,1.4,2.8,2.7,6.5,6.1,18.3,21.0,6.3,8.9,6.1,1.4,0.6,39.8,40,70,E12000001,North East,Hartlepool,70341,46137,46134,65.59,46134,46100,14029,32071,34,0,12,6,16,30.43,69.57,0.07,Hartlepool UA,"74,228",30.7,13.5,16.2,5.5,12.5,17.6
E06000002,Middlesbrough UA,"138,412",6.8,3.7,2.2,6.1,1.3,2.7,3.3,8.4,7.1,18.4,19.6,5.4,7.8,5.3,1.2,0.6,37.8,37,71,E12000001,North East,Middlesbrough,94612,61395,61393,64.89,61393,61358,21181,40177,35,0,16,1,18,34.52,65.48,0.06,Middlesbrough UA,"110,409",29.9,13.6,15.3,4.4,13.2,18.5
E06000003,Redcar and Cleveland UA,"135,177",5.6,3.2,2.0,5.8,1.3,2.7,2.6,6.0,5.6,17.8,20.9,7.0,10.7,6.5,1.6,0.7,41.5,43,72,E12000001,North East,Redcar and Cleveland,103529,72741,72741,70.26,72741,72714,24586,48128,27,0,6,0,21,33.81,66.19,0.04,Redcar and Cleveland UA,"111,011",28.4,13.5,16.4,5.7,13.1,18.9
E06000004,Stockton-on-Tees UA,"191,610",6.4,3.6,2.2,6.0,1.2,2.7,2.8,6.6,6.6,19.6,20.7,6.1,8.4,5.4,1.3,0.5,39.1,39,73,E12000001,North East,Stockton-on-Tees,141486,100462,100460,71.0,100460,100415,38433,61982,45,2,13,2,28,38.27,61.73,0.04,Stockton-on-Tees UA,"154,503",23.8,13.9,16.9,5.2,13.6,22.8
E06000005,Darlington UA,"105,564",6.2,3.6,2.2,5.9,1.3,2.6,2.2,5.8,6.3,19.8,20.4,6.3,9.2,5.8,1.6,0.8,40.2,41,74,E12000001,North East,Darlington,77662,55194,55195,71.07,55195,55166,24172,30994,29,0,0,0,29,43.82,56.18,0.05,Darlington UA,"85,357",24.8,13.4,15.9,5.1,12.7,23.7
E06000006,Halton UA,"125,746",6.6,3.6,2.2,6.0,1.3,2.7,2.5,6.4,6.5,19.9,20.8,6.8,8.2,4.9,1.1,0.5,38.9,39,78,E12000002,North West,Halton,95289,65047,65047,68.26,65047,65005,27678,37327,42,0,7,1,34,42.58,57.42,0.06,Halton UA,"100,819",26.9,16.8,18.6,3.8,12.5,17.6
E06000007,Warrington UA,"202,228",6.1,3.5,2.3,6.1,1.3,2.6,2.3,6.0,6.2,20.9,20.8,6.2,9.0,5.1,1.2,0.6,39.5,40,79,E12000002,North West,Warrington,157042,115206,115206,73.36,115205,115144,52657,62487,61,0,17,1,43,45.73,54.27,0.05,Warrington UA,"163,477",20.7,14.6,16.5,4.1,12.6,27.4
E06000008,Blackburn with Darwen UA,"147,489",7.6,4.3,2.8,7.0,1.6,2.9,2.5,6.6,7.4,20.9,18.1,5.3,7.0,4.3,1.0,0.5,36.2,35,81,E12000002,North West,Blackburn with Darwen,100117,65416,65408,65.33,65408,65321,28522,36799,87,0,40,4,43,43.66,56.34,0.13,Blackburn with Darwen UA,"113,122",28.7,14.3,15.2,3.9,11.4,19.8
E06000009,Blackpool UA,"142,065",5.8,3.3,2.0,5.7,1.2,2.5,2.5,6.0,6.0,18.9,20.5,6.6,10.1,6.4,1.7,0.9,41.3,42,82,E12000002,North West,Blackpool,102354,66959,66959,65.42,66959,66927,21781,45146,32,0,8,3,21,32.54,67.46,0.05,Blackpool UA,"116,699",31.3,15.5,17.1,4.2,11.6,15.5
E06000010,"Kingston upon Hull, City of UA","256,406",6.8,3.4,2.0,5.4,1.2,2.5,3.1,9.4,7.9,20.3,18.6,5.4,7.1,5.0,1.2,0.6,37.5,36,83,E12000003,Yorkshire and The Humber,"Kingston upon Hull, City of",180230,113439,113439,62.94,113436,113355,36709,76646,81,0,23,4,54,32.38,67.62,0.07,"Kingston upon Hull, City of UA","208,040",31.7,14.6,15.4,4.0,13.1,15.2
E06000011,East Riding of Yorkshire UA,"334,179",4.9,3.0,2.0,5.6,1.3,2.5,2.4,4.7,4.5,18.1,21.7,8.1,11.6,7.1,1.8,0.9,43.5,45,84,E12000003,Yorkshire and The Humber,East Riding of Yorkshire,266047,199056,199039,74.81,199036,198915,78779,120136,121,0,36,3,82,39.6,60.4,0.06,East Riding of Yorkshire UA,"278,333",23.4,13.0,16.2,5.0,12.1,25.9
E06000012,North East Lincolnshire UA,"159,616",6.3,3.5,2.1,5.8,1.3,2.6,2.6,6.6,6.3,18.7,20.2,6.4,9.2,6.1,1.5,0.8,40.2,41,85,E12000003,Yorkshire and The Humber,North East Lincolnshire,116302,79016,79013,67.94,79011,78982,23797,55185,29,1,4,1,23,30.13,69.87,0.04,North East Lincolnshire UA,"129,377",29.5,16.1,17.8,4.6,10.8,16.2
E06000013,North Lincolnshire UA,"167,446",6.1,3.5,2.1,5.7,1.3,2.5,2.3,5.7,6.0,18.9,21.2,6.8,9.7,6.0,1.5,0.7,40.8,42,86,E12000003,Yorkshire and The Humber,North Lincolnshire,123611,88912,88907,71.92,88906,88862,29947,58915,44,0,11,3,30,33.7,66.3,0.05,North Lincolnshire UA,"136,105",26.2,15.8,16.7,4.9,11.7,19.5
E06000014,York UA,"198,051",5.4,2.9,1.8,4.9,1.0,2.1,4.0,10.0,7.1,19.6,18.4,5.9,8.5,5.9,1.6,0.8,39.5,38,87,E12000003,Yorkshire and The Humber,York,155157,109695,109691,70.69,109681,109600,63617,45983,81,0,20,5,56,58.04,41.96,0.07,York UA,"166,275",18.0,10.6,13.9,4.5,16.6,32.4
E06000015,Derby UA,"248,752",7.1,3.8,2.3,6.0,1.2,2.5,3.0,8.1,7.3,20.6,17.9,5.1,7.6,5.4,1.4,0.7,37.6,36,88,E12000004,East Midlands,Derby,171246,120807,120798,70.53,120772,120655,51612,69043,117,0,41,10,66,42.78,57.22,0.1,Derby UA,"198,076",24.1,13.3,14.5,4.9,13.0,24.2
E06000016,Leicester UA,"329,839",7.4,3.9,2.4,6.1,1.2,2.6,3.6,10.7,9.0,20.7,16.9,4.3,5.7,3.9,1.1,0.5,34.8,31,89,E12000004,East Midlands,Leicester,213819,139319,139309,65.15,139307,138972,70980,67992,335,0,154,8,173,51.08,48.92,0.24,Leicester UA,"260,560",28.6,13.0,12.6,2.0,13.0,21.2
E06000017,Rutland UA,"37,369",5.0,3.0,1.9,6.3,1.7,3.8,2.2,4.7,5.1,17.9,20.1,7.3,11.3,6.8,1.9,1.0,42.4,43,90,E12000004,East Midlands,Rutland,29390,22989,22986,78.2,22984,22966,11353,11613,18,0,9,2,7,49.43,50.57,0.08,Rutland UA,"30,683",17.8,12.2,17.5,3.6,12.5,32.9
E06000018,Nottingham UA,"305,680",6.5,3.3,2.0,5.2,1.1,2.2,5.5,14.0,8.6,20.1,15.6,4.1,5.7,4.2,1.2,0.5,34.8,30,91,E12000004,East Midlands,Nottingham,195394,120792,120792,61.82,120791,120661,59318,61343,130,0,47,4,79,49.16,50.84,0.11,Nottingham UA,"250,104",25.6,12.2,12.9,2.3,18.6,21.9
E06000019,"Herefordshire, County of UA","183,477",5.2,3.0,2.0,5.7,1.2,2.5,2.1,5.1,5.3,17.9,21.2,7.4,11.2,7.2,1.9,1.0,43.0,44,92,E12000005,West Midlands,"Herefordshire, County of",138247,108336,108336,78.36,108336,108270,44148,64122,66,0,22,1,43,40.78,59.22,0.06,"Herefordshire, County of UA","151,962",22.9,12.8,16.0,3.6,12.0,27.5
E06000020,Telford and Wrekin UA,"166,641",6.8,3.7,2.3,6.4,1.4,2.8,2.7,6.5,6.5,20.6,19.8,6.0,8.4,4.5,1.1,0.5,38.1,38,93,E12000005,West Midlands,Telford and Wrekin,124338,89707,89704,72.15,89704,89603,32954,56649,101,0,11,0,90,36.78,63.22,0.11,Telford and Wrekin UA,"132,440",24.6,15.1,17.9,3.3,13.0,20.9
E06000021,Stoke-on-Trent UA,"249,008",6.9,3.6,2.1,5.7,1.1,2.5,2.8,7.7,7.3,20.0,18.8,5.9,8.4,5.3,1.3,0.6,38.5,38,95,E12000005,West Midlands,Stoke-on-Trent,179010,117691,117680,65.74,117674,117590,36027,81563,84,0,19,6,59,30.64,69.36,0.07,Stoke-on-Trent UA,"200,642",33.8,14.4,15.9,3.5,11.9,15.5
E06000022,Bath and North East Somerset UA,"176,016",5.2,2.9,2.0,5.4,1.2,2.3,4.0,9.1,5.8,18.4,19.4,6.1,9.0,6.2,1.8,0.9,40.3,40,96,E12000009,South West,Bath and North East Somerset,136522,105300,105298,77.13,105300,105230,60878,44352,70,0,20,5,45,57.85,42.15,0.07,Bath and North East Somerset UA,"146,439",17.2,11.0,14.2,3.7,16.5,33.4
E06000023,"Bristol, City of UA","428,234",6.9,3.4,2.0,5.1,1.0,2.1,3.2,10.4,9.5,22.2,16.5,4.7,6.5,4.5,1.4,0.7,36.5,33,97,E12000009,South West,"Bristol, City of",312465,228704,228678,73.17,228646,228445,141027,87418,201,0,63,6,132,61.73,38.27,0.09,"Bristol, City of UA","349,653",20.2,11.9,12.8,2.9,14.6,32.8
E06000024,North Somerset UA,"202,566",5.8,3.3,2.1,5.7,1.2,2.3,2.1,4.7,5.1,18.9,20.5,7.2,10.9,6.9,2.1,1.2,42.6,44,98,E12000009,South West,North Somerset,160860,124637,124622,77.47,124622,124548,59572,64976,74,0,33,0,41,47.83,52.17,0.06,North Somerset UA,"165,914",19.6,13.7,17.2,4.4,12.7,28.4
E06000025,South Gloucestershire UA,"262,767",6.1,3.4,2.1,6.0,1.3,2.6,2.7,5.9,5.9,20.5,20.4,6.0,9.1,5.6,1.4,0.7,39.8,40,99,E12000009,South West,South Gloucestershire,207793,158444,158424,76.24,158427,158333,74928,83405,94,0,28,4,62,47.32,52.68,0.06,South Gloucestershire UA,"212,837",18.6,14.9,16.7,5.4,13.7,26.7
E06000026,Plymouth UA,"256,384",6.0,3.1,1.9,5.3,1.2,2.3,3.4,9.5,7.4,19.0,18.7,5.9,8.6,5.5,1.4,0.8,39.0,38,102,E12000009,South West,Plymouth,186989,133537,133524,71.41,133523,133455,53458,79997,68,1,18,1,48,40.06,59.94,0.05,Plymouth UA,"211,502",22.3,13.5,16.8,5.2,16.6,21.5
E06000027,Torbay UA,"130,959",5.1,2.9,1.9,5.4,1.2,2.4,2.2,5.2,5.1,16.8,20.4,7.8,11.9,7.8,2.4,1.4,44.2,46,103,E12000009,South West,Torbay,102961,75873,75868,73.69,75868,75824,27935,47889,44,0,18,0,26,36.84,63.16,0.06,Torbay UA,"109,290",25.8,15.0,17.3,4.7,11.8,20.6
E06000028,Bournemouth UA,"183,491",5.6,2.6,1.6,4.6,0.9,1.9,3.3,9.3,8.1,21.3,17.4,5.6,8.0,6.3,2.1,1.3,40.0,38,104,E12000009,South West,Bournemouth,132752,92002,91998,69.3,91997,91926,41473,50453,71,0,31,1,39,45.12,54.88,0.08,Bournemouth UA,"155,224",19.1,13.0,15.5,3.8,15.7,26.4
E06000029,Poole UA,"147,645",5.7,3.2,2.0,5.4,1.2,2.4,2.3,5.5,5.9,19.5,19.9,6.7,9.9,7.2,2.1,1.2,42.1,42,105,E12000009,South West,Poole,113421,85500,85494,75.38,85493,85448,35741,49707,45,2,12,0,31,41.83,58.17,0.05,Poole UA,"121,986",21.4,14.4,16.6,4.9,12.5,25.5
E06000030,Swindon UA,"209,156",6.7,3.6,2.3,5.9,1.2,2.5,2.2,6.1,7.2,23.1,20.0,5.3,7.2,4.7,1.3,0.6,38.1,38,106,E12000009,South West,Swindon,148960,113064,113060,75.9,113060,112965,51220,61745,95,0,33,5,57,45.34,54.66,0.08,Swindon UA,"167,774",20.5,17.4,17.3,4.5,11.6,22.7
E06000031,Peterborough UA,"183,631",7.6,3.9,2.4,6.2,1.3,2.6,2.3,6.8,8.2,22.0,18.2,5.1,6.9,4.8,1.2,0.6,36.9,35,108,E12000006,East,Peterborough,120892,87474,87469,72.35,87469,87392,34176,53216,77,0,32,7,38,39.11,60.89,0.09,Peterborough UA,"144,495",25.0,15.4,16.2,3.5,10.8,20.2
E06000032,Luton UA,"203,201",8.2,4.3,2.7,6.5,1.3,2.7,2.7,8.2,9.3,21.6,16.7,4.1,6.2,4.2,0.9,0.5,34.8,32,109,E12000006,East,Luton,127612,84633,84636,66.31,84616,84481,36708,47773,135,0,85,0,50,43.45,56.55,0.16,Luton UA,"156,445",23.6,14.6,14.5,3.3,11.1,22.3
E06000033,Southend-on-Sea UA,"173,658",6.5,3.3,2.1,5.9,1.2,2.5,2.1,5.7,6.5,21.3,19.2,6.0,8.7,6.1,1.9,1.1,40.2,40,112,E12000006,East,Southend-on-Sea,128856,93948,93939,72.9,93939,93870,39348,54522,69,0,21,0,48,41.92,58.08,0.07,Southend-on-Sea UA,"140,621",24.6,16.4,17.5,3.0,11.4,21.8
E06000034,Thurrock UA,"157,705",7.6,4.1,2.4,6.3,1.3,2.6,2.3,6.2,7.1,23.2,18.6,5.5,6.8,4.2,1.2,0.5,36.8,36,113,E12000006,East,Thurrock,109897,79969,79954,72.75,79950,79916,22151,57765,34,0,8,3,23,27.72,72.28,0.04,Thurrock UA,"123,407",26.5,18.1,17.5,3.4,10.9,17.4
E06000035,Medway UA,"263,925",6.5,3.7,2.4,6.4,1.3,2.8,3.1,7.2,6.7,20.6,19.5,5.9,7.8,4.5,1.1,0.6,37.7,37,114,E12000008,South East,Medway,192524,138975,138975,72.18,138973,138886,49889,88997,87,0,27,9,51,35.92,64.08,0.06,Medway UA,"210,511",22.9,16.9,18.4,4.7,12.7,19.1
E06000036,Bracknell Forest UA,"113,205",7.1,3.7,2.2,6.3,1.4,2.8,2.1,5.6,6.8,23.5,20.7,5.2,6.6,4.2,1.1,0.6,37.4,37,115,E12000008,South East,Bracknell Forest,85298,64928,64922,76.11,64922,64890,29888,35002,32,0,10,0,22,46.06,53.94,0.05,Bracknell Forest UA,"89,743",16.3,15.3,16.9,3.4,12.7,30.3
E06000037,West Berkshire UA,"153,822",6.5,3.6,2.3,6.4,1.4,2.8,2.1,4.8,5.5,21.5,21.4,6.3,8.4,4.9,1.3,0.7,39.4,40,116,E12000008,South East,West Berkshire,116757,93347,93345,79.95,93345,93277,48300,44977,68,0,27,4,37,51.78,48.22,0.07,West Berkshire UA,"122,731",17.2,14.2,16.2,3.9,12.2,32.1
E06000038,Reading UA,"155,698",7.7,3.5,2.0,5.1,1.1,2.1,3.1,9.4,9.7,24.7,16.1,4.1,5.8,3.9,1.1,0.6,35.3,33,117,E12000008,South East,Reading,103172,74832,74825,72.53,74826,74767,43385,31382,59,0,32,0,27,58.03,41.97,0.08,Reading UA,"125,582",17.4,12.2,12.3,2.5,13.4,34.8
E06000039,Slough UA,"140,205",9.1,4.5,2.7,6.4,1.3,2.6,2.3,6.8,9.5,25.6,16.4,3.7,4.7,3.2,0.8,0.4,33.5,32,118,E12000008,South East,Slough,87873,54605,54604,62.13,54598,54542,24911,29631,56,1,32,2,21,45.67,54.33,0.1,Slough UA,"106,645",20.1,14.7,13.4,2.2,10.1,25.8
E06000040,Windsor and Maidenhead UA,"144,560",6.5,3.6,2.3,6.1,1.3,2.7,1.8,4.9,6.1,22.1,19.9,6.0,8.6,5.6,1.6,0.9,39.8,40,119,E12000008,South East,Windsor and Maidenhead,102665,81866,81865,79.73,81855,81792,44086,37706,63,0,14,2,47,53.9,46.1,0.08,Windsor and Maidenhead UA,"115,900",15.6,11.6,14.4,3.0,11.2,38.4
E06000041,Wokingham UA,"154,380",6.5,3.7,2.5,6.3,1.3,2.6,2.2,4.8,5.2,21.9,21.5,6.1,8.5,5.0,1.2,0.7,39.4,40,120,E12000008,South East,Wokingham,121891,97559,97551,80.03,97551,97501,55272,42229,50,0,23,2,25,56.69,43.31,0.05,Wokingham UA,"123,010",13.2,11.8,15.1,3.4,12.4,40.0
E06000042,Milton Keynes UA,"248,821",8.0,4.1,2.5,6.4,1.3,2.5,2.1,5.6,7.9,23.9,19.3,5.3,6.2,3.4,1.0,0.5,36.1,35,121,E12000008,South East,Milton Keynes,177211,130535,130536,73.66,130534,130456,63393,67063,78,0,32,1,45,48.59,51.41,0.06,Milton Keynes UA,"193,429",18.0,15.9,16.7,3.4,11.5,28.2
E06000043,Brighton and Hove UA,"273,369",5.5,3.0,1.9,4.9,1.0,2.0,3.6,10.3,8.4,24.0,17.7,4.7,6.4,4.5,1.4,0.8,37.4,35,122,E12000008,South East,Brighton and Hove,198293,146846,146840,74.05,146829,146675,100648,46027,154,0,49,6,99,68.62,31.38,0.1,Brighton and Hove UA,"229,024",16.1,11.0,12.6,2.1,16.0,36.9
E06000044,Portsmouth UA,"205,056",6.6,3.4,2.0,5.3,1.1,2.3,4.4,11.1,8.3,20.3,17.1,4.8,6.8,4.5,1.4,0.8,36.5,34,123,E12000008,South East,Portsmouth,140517,98799,98786,70.3,98786,98720,41384,57336,66,0,27,0,39,41.92,58.08,0.07,Portsmouth UA,"167,256",21.2,13.1,15.0,3.9,18.0,23.7
E06000045,Southampton UA,"236,882",6.5,3.1,1.9,4.9,1.1,2.0,4.5,12.4,9.2,20.6,16.2,4.6,6.5,4.5,1.3,0.7,36.1,32,124,E12000008,South East,Southampton,158171,107775,107772,68.14,107775,107665,49738,57927,110,0,42,25,43,46.2,53.8,0.1,Southampton UA,"195,534",21.0,12.9,13.9,3.7,17.3,24.6
E06000046,Isle of Wight UA,"138,265",4.6,2.9,1.9,5.8,1.3,2.5,2.1,4.9,4.8,16.8,20.6,8.0,12.4,7.8,2.4,1.3,44.4,46,125,E12000008,South East,Isle of Wight,109844,79431,79430,72.31,79430,79380,30207,49173,50,0,24,2,24,38.05,61.95,0.06,Isle of Wight UA,"115,589",24.3,14.6,16.8,5.0,12.2,22.6
E06000047,County Durham UA,"513,242",5.6,3.1,1.9,5.4,1.1,2.4,3.0,6.8,6.0,18.7,21.1,6.9,9.9,6.0,1.4,0.7,41.0,42,75,E12000001,North East,County Durham,389507,267577,267546,68.69,267546,267398,113521,153877,148,3,35,1,109,42.45,57.55,0.06,County Durham UA,"425,258",27.5,13.4,16.0,4.2,13.6,21.5
E06000057,Northumberland UA,"316,028",5.1,3.1,2.1,5.6,1.2,2.4,2.2,5.1,5.1,17.8,22.5,7.8,10.9,6.7,1.7,0.9,42.8,45,76,E12000001,North East,Northumberland,240496,178830,178815,74.35,178815,178721,82022,96699,94,3,30,6,55,45.89,54.11,0.05,Northumberland UA,"262,162",23.9,13.7,16.5,4.5,12.1,25.6
E06000049,Cheshire East UA,"370,127",5.5,3.3,2.1,5.8,1.2,2.5,2.3,5.0,5.1,19.5,21.4,7.1,10.3,6.4,1.7,0.9,42.0,43,77,E12000002,North West,Cheshire East,285957,221229,221229,77.36,221229,221125,107962,113163,104,19,40,3,42,48.82,51.18,0.05,Cheshire East UA,"304,374",19.6,12.1,16.0,4.1,12.4,32.0
E06000050,Cheshire West and Chester UA,"329,608",5.5,3.3,2.0,5.7,1.2,2.4,2.5,5.9,5.7,19.4,21.0,6.9,9.9,6.2,1.6,0.8,41.3,42,80,E12000002,North West,Cheshire West and Chester,259878,193640,193633,74.51,193633,193537,95455,98082,96,0,27,11,58,49.32,50.68,0.05,Cheshire West and Chester UA,"271,473",21.0,13.3,15.7,4.0,12.9,29.4
E06000051,Shropshire UA,"306,129",5.1,3.1,2.0,5.9,1.3,2.7,2.3,5.4,5.1,18.1,21.1,7.3,11.2,6.8,1.8,0.9,42.6,44,94,E12000005,West Midlands,Shropshire,236788,183328,183324,77.42,183323,183153,78987,104166,170,0,42,0,128,43.13,56.87,0.09,Shropshire UA,"252,979",22.5,13.1,16.8,3.7,12.2,27.5
E06000052,Cornwall UA,"532,273",5.1,3.0,1.9,5.6,1.2,2.4,2.4,5.3,5.0,17.6,20.8,8.0,11.6,7.1,1.9,1.0,43.3,45,100,E12000009,South West,Cornwall,419755,323528,323491,77.05,323442,323205,140540,182665,237,0,71,0,166,43.48,56.52,0.07,Cornwall UA,"442,332",22.4,13.4,17.4,4.5,13.1,25.0
E06000053,Isles of Scilly UA,"2,203",4.8,3.0,1.8,5.2,1.0,0.3,1.2,5.0,6.1,19.4,21.4,7.8,12.3,7.5,1.7,1.5,44.7,46,101,E12000009,South West,Isles of Scilly,1799,1424,1424,79.16,1424,1424,803,621,0,0,0,0,0,56.39,43.61,0.0,Isles of Scilly UA,"1,857",14.2,10.8,16.6,4.2,16.4,33.0
E06000054,Wiltshire UA,"470,981",6.0,3.5,2.3,6.2,1.3,2.6,2.3,5.2,5.4,19.4,20.9,6.6,9.6,6.0,1.6,0.9,40.8,42,107,E12000009,South West,Wiltshire,366555,289110,289102,78.87,289102,288895,137258,151637,207,0,70,9,128,47.51,52.49,0.07,Wiltshire UA,"380,013",18.6,14.0,17.2,3.8,12.7,29.5
E06000055,Bedford UA,"157,479",6.4,3.6,2.3,6.3,1.4,2.7,2.5,6.1,6.4,20.9,19.6,5.9,8.1,5.5,1.5,0.7,38.9,39,110,E12000006,East,Bedford,119530,86136,86136,72.06,86135,86066,41497,44569,69,0,26,1,42,48.22,51.78,0.08,Bedford UA,"125,871",20.4,13.8,15.2,3.9,11.8,28.1
E06000056,Central Bedfordshire UA,"254,381",6.3,3.6,2.3,6.1,1.3,2.6,2.1,5.3,5.7,21.1,21.5,6.4,8.6,5.2,1.2,0.6,39.6,40,111,E12000006,East,Central Bedfordshire,204004,158904,158896,77.89,158894,158804,69670,89134,90,0,34,1,55,43.87,56.13,0.06,Central Bedfordshire UA,"204,602",19.4,14.9,17.0,4.7,12.6,27.3
E07000004,Aylesbury Vale,"174,137",6.5,3.7,2.3,6.5,1.4,2.7,2.1,5.0,5.7,21.3,21.5,6.2,8.2,4.9,1.2,0.7,39.1,40,180,E12000008,South East,Aylesbury Vale,136235,106908,106895,78.46,106895,106833,52877,53956,62,0,25,2,35,49.5,50.5,0.06,Aylesbury Vale,"138,567",17.4,13.8,16.5,3.6,12.2,32.0
E07000005,Chiltern,"92,635",5.9,3.8,2.5,6.8,1.4,2.7,1.9,4.0,4.0,18.5,22.3,6.8,10.1,6.6,1.8,0.9,41.6,44,181,E12000008,South East,Chiltern,70185,58655,58651,83.57,58651,58604,32241,26363,47,0,15,0,32,55.02,44.98,0.08,Chiltern,"73,679",14.7,10.7,15.1,3.3,11.1,41.0
E07000006,South Bucks,"66,867",5.9,3.4,2.3,6.1,1.2,2.6,2.0,4.7,5.1,19.0,21.9,6.4,9.8,6.7,1.8,1.0,41.8,43,182,E12000008,South East,South Bucks,52194,40755,40755,78.08,40755,40724,20077,20647,31,0,10,5,16,49.3,50.7,0.08,South Bucks,"54,201",16.5,11.8,14.8,3.4,11.1,36.9
E07000007,Wycombe,"171,644",6.5,3.8,2.4,6.3,1.3,2.6,2.4,6.1,6.2,21.2,19.6,5.8,8.5,5.3,1.3,0.7,38.9,39,183,E12000008,South East,Wycombe,125260,94869,94869,75.74,94869,94790,49261,45529,79,0,26,1,52,51.97,48.03,0.08,Wycombe,"136,787",17.4,12.5,15.2,3.6,12.4,33.6
E07000008,Cambridge,"123,867",5.4,2.6,1.5,4.0,0.9,2.0,5.4,14.6,10.8,22.2,14.8,4.0,5.6,4.1,1.4,0.8,35.6,31,184,E12000006,East,Cambridge,80108,57871,57860,72.22,57852,57799,42682,15117,53,0,13,0,40,73.85,26.15,0.09,Cambridge,"106,007",11.9,6.9,8.6,1.9,16.9,47.3
E07000009,East Cambridgeshire,"83,818",6.6,3.7,2.3,5.7,1.2,2.4,1.8,4.9,5.8,21.8,20.1,6.5,9.0,5.8,1.5,0.8,40.2,40,185,E12000006,East,East Cambridgeshire,62435,48129,48120,77.08,48124,48086,23599,24487,38,0,18,0,20,49.08,50.92,0.08,East Cambridgeshire,"67,481",20.9,13.1,15.6,4.3,11.4,29.0
E07000010,Fenland,"95,262",5.5,3.0,2.0,5.8,1.3,2.5,2.1,5.6,5.9,18.7,20.3,6.9,10.6,7.0,1.8,0.9,42.1,43,186,E12000006,East,Fenland,71447,52653,52649,73.69,52649,52626,15055,37571,23,0,10,1,12,28.61,71.39,0.04,Fenland,"78,482",31.2,15.6,17.0,4.0,10.4,14.9
E07000011,Huntingdonshire,"169,508",6.0,3.5,2.3,6.1,1.3,2.5,2.3,5.6,5.8,20.8,21.0,6.7,9.1,5.0,1.3,0.7,39.9,41,187,E12000006,East,Huntingdonshire,128486,99996,99990,77.82,99990,99927,45729,54198,63,0,31,0,32,45.76,54.24,0.06,Huntingdonshire,"137,157",19.2,14.6,17.0,3.8,12.4,27.9
E07000012,South Cambridgeshire,"148,755",6.3,3.7,2.4,6.1,1.3,2.5,2.0,4.8,5.4,21.5,20.8,6.6,8.8,5.5,1.5,0.8,40.1,41,188,E12000006,East,South Cambridgeshire,114830,93268,93263,81.21,93250,93189,56128,37061,61,0,24,0,37,60.23,39.77,0.07,South Cambridgeshire,"119,342",15.3,11.1,14.4,3.9,11.3,40.1
E07000026,Allerdale,"96,422",5.1,2.9,2.0,5.7,1.2,2.6,2.2,4.8,5.0,18.2,21.7,7.9,11.3,6.9,1.7,0.9,43.1,45,189,E12000002,North West,Allerdale,74426,54268,54268,72.92,54268,54238,22429,31809,30,0,13,0,17,41.35,58.65,0.06,Allerdale,"80,155",27.0,13.7,16.2,5.0,11.5,22.8
E07000027,Barrow-in-Furness,"69,087",5.4,3.2,2.1,5.8,1.3,2.7,2.5,5.8,5.7,19.0,20.9,7.0,10.5,6.0,1.4,0.9,41.3,42,190,E12000002,North West,Barrow-in-Furness,53194,36104,36101,67.87,36101,36074,14207,21867,27,0,9,0,18,39.38,60.62,0.07,Barrow-in-Furness,"56,796",25.4,13.6,15.7,9.2,13.7,19.0
E07000028,Carlisle,"107,524",5.6,3.2,1.9,5.3,1.1,2.3,2.7,6.1,6.2,19.1,21.1,6.7,9.7,6.3,1.7,0.8,41.3,42,191,E12000002,North West,Carlisle,80124,59723,59721,74.54,59721,59683,23788,35895,38,0,13,2,23,39.86,60.14,0.06,Carlisle,"89,042",24.9,14.8,16.4,4.6,12.6,22.2
E07000029,Copeland,"70,603",5.2,3.1,2.0,5.5,1.2,2.5,2.3,5.4,5.6,18.6,22.3,7.4,10.5,6.3,1.4,0.7,42.1,44,192,E12000002,North West,Copeland,54206,37974,37975,70.06,37975,37947,14419,23528,28,0,9,3,16,38.0,62.0,0.07,Copeland,"58,613",27.0,14.2,15.7,5.9,12.4,21.0
E07000030,Eden,"52,564",4.5,3.1,1.9,5.6,1.3,2.2,2.2,4.6,4.4,17.5,22.5,8.3,12.0,7.2,1.9,0.9,44.1,46,193,E12000002,North West,Eden,41872,31746,31746,75.82,31746,31718,14807,16911,28,0,12,1,15,46.68,53.32,0.09,Eden,"43,976",22.7,13.4,16.5,3.7,12.0,27.4
E07000031,South Lakeland,"103,658",4.3,2.7,1.8,5.2,1.2,2.5,1.9,4.1,4.4,17.1,21.9,8.5,12.7,8.1,2.2,1.2,45.4,48,194,E12000002,North West,South Lakeland,81948,65375,65375,79.78,65375,65331,34531,30800,44,0,12,2,30,52.86,47.14,0.07,South Lakeland,"87,777",18.9,12.0,15.4,4.6,11.8,33.4
E07000032,Amber Valley,"122,309",5.2,3.1,2.1,5.9,1.2,2.6,2.2,5.1,5.3,19.9,21.3,7.5,10.2,5.9,1.6,0.9,41.8,43,195,E12000004,East Midlands,Amber Valley,96760,73870,73868,76.34,73864,73820,29319,44501,44,0,7,1,36,39.72,60.28,0.06,Amber Valley,"100,841",27.0,13.9,15.5,4.6,12.0,23.2
E07000033,Bolsover,"75,866",5.6,3.3,2.0,5.8,1.3,2.6,2.3,5.6,6.0,20.0,20.6,6.6,9.9,5.9,1.5,0.8,41.0,42,196,E12000004,East Midlands,Bolsover,58063,41999,42000,72.33,41999,41972,12242,29730,27,0,5,1,21,29.17,70.83,0.06,Bolsover,"62,192",32.9,15.3,16.4,3.7,11.4,15.8
E07000034,Chesterfield,"103,788",5.6,3.0,1.9,5.8,1.3,2.6,2.3,5.6,5.8,19.8,21.0,6.7,9.7,6.2,1.8,0.8,41.4,42,197,E12000004,East Midlands,Chesterfield,79905,57472,57470,71.92,57470,57424,22946,34478,46,0,16,2,28,39.96,60.04,0.08,Chesterfield,"85,595",27.6,14.3,17.0,4.0,12.1,21.0
E07000035,Derbyshire Dales,"71,116",4.3,3.0,2.1,5.9,1.2,2.4,2.0,4.2,3.8,16.9,23.2,8.5,12.0,7.2,2.0,1.1,44.5,47,198,E12000004,East Midlands,Derbyshire Dales,57075,46756,46756,81.92,46756,46728,22633,24095,28,0,5,0,23,48.44,51.56,0.06,Derbyshire Dales,"59,299",21.5,12.0,15.0,3.4,11.1,33.4
E07000036,Erewash,"112,081",5.8,3.2,2.1,5.5,1.3,2.6,2.3,6.0,5.7,20.4,20.7,6.4,9.5,6.0,1.5,0.8,40.8,41,199,E12000004,East Midlands,Erewash,87596,66566,66566,75.99,66566,66530,25791,40739,36,0,15,1,20,38.77,61.23,0.05,Erewash,"91,948",25.9,15.3,16.5,5.3,12.3,20.7
E07000037,High Peak,"90,892",5.5,3.3,2.1,6.0,1.3,2.6,2.5,5.6,5.1,19.4,22.4,7.1,9.5,5.6,1.4,0.8,41.1,43,200,E12000004,East Midlands,High Peak,72487,54864,54864,75.69,54864,54833,27116,27717,31,0,10,3,18,49.45,50.55,0.06,High Peak,"74,416",20.9,13.1,16.0,4.0,13.1,29.4
E07000038,North East Derbyshire,"99,023",4.8,3.0,2.0,5.4,1.3,2.5,2.3,5.1,4.8,18.2,21.8,7.7,11.8,6.8,1.7,0.9,43.3,45,201,E12000004,East Midlands,North East Derbyshire,78855,59341,59341,75.25,59341,59310,22075,37235,31,0,13,2,16,37.22,62.78,0.05,North East Derbyshire,"82,699",26.9,14.2,16.6,4.4,11.9,22.2
E07000039,South Derbyshire,"94,611",6.1,3.7,2.3,6.4,1.4,2.7,2.2,5.2,5.7,21.7,20.8,6.6,8.6,5.0,1.2,0.6,39.5,40,202,E12000004,East Midlands,South Derbyshire,73856,56718,56718,76.8,56718,56695,22479,34216,23,0,5,0,18,39.65,60.35,0.04,South Derbyshire,"75,910",22.0,14.1,16.6,4.8,12.8,26.0
E07000040,East Devon,"132,457",4.4,2.7,1.8,5.3,1.1,2.4,2.0,4.2,3.9,15.5,20.1,8.2,13.7,9.7,3.1,1.7,46.9,49,203,E12000009,South West,East Devon,112527,88831,88831,78.94,88831,88783,40743,48040,48,0,23,0,25,45.89,54.11,0.05,East Devon,"112,002",21.1,13.1,17.0,4.1,11.3,29.1
E07000041,Exeter,"117,773",5.7,2.9,1.8,4.5,0.9,2.0,5.1,12.0,7.7,19.5,17.1,5.2,7.4,5.5,1.7,0.9,38.1,35,204,E12000009,South West,Exeter,86417,63888,63877,73.91,63867,63803,35270,28533,64,0,19,3,42,55.28,44.72,0.1,Exeter,"99,066",18.3,12.6,14.1,3.2,18.2,28.6
E07000042,Mid Devon,"77,750",5.8,3.3,2.1,6.1,1.4,2.5,2.1,4.7,5.0,17.8,21.3,7.5,10.9,6.6,1.8,1.0,42.3,44,205,E12000009,South West,Mid Devon,60532,48049,48049,79.38,48049,48006,22400,25606,43,0,7,3,33,46.66,53.34,0.09,Mid Devon,"63,200",22.7,13.8,17.1,3.8,12.1,26.4
E07000043,North Devon,"93,667",5.4,3.1,2.0,5.6,1.3,2.5,2.2,5.1,4.9,17.3,20.7,7.7,11.7,7.3,2.0,1.2,43.3,45,206,E12000009,South West,North Devon,75548,58054,58056,76.85,58056,58031,24931,33100,25,0,10,1,14,42.96,57.04,0.04,North Devon,"77,378",24.1,14.4,17.2,4.7,12.4,22.9
E07000044,South Hams,"83,140",4.4,2.8,2.0,5.5,1.2,2.4,2.0,4.4,4.1,15.4,23.0,9.0,12.6,7.8,2.2,1.2,45.3,48,207,E12000009,South West,South Hams,69121,55488,55486,80.27,55485,55450,29308,26142,35,0,15,0,20,52.85,47.15,0.06,South Hams,"69,868",17.2,12.1,16.3,4.4,12.1,34.3
E07000045,Teignbridge,"124,220",4.8,3.0,1.9,5.6,1.2,2.4,2.1,4.6,4.4,16.9,21.7,8.0,11.9,7.8,2.4,1.3,44.6,47,208,E12000009,South West,Teignbridge,103740,82383,82377,79.4,82369,82312,37949,44363,57,0,19,0,38,46.1,53.9,0.07,Teignbridge,"103,738",21.5,13.5,16.6,4.5,11.8,28.0
E07000046,Torridge,"63,839",4.9,2.8,2.0,5.5,1.2,2.4,2.0,4.7,4.1,16.5,21.6,8.7,12.8,7.6,2.0,1.0,44.6,47,209,E12000009,South West,Torridge,52881,41462,41461,78.41,41462,41429,16229,25200,33,0,11,1,21,39.17,60.83,0.08,Torridge,"53,321",25.4,14.3,17.5,4.9,12.1,21.7
E07000047,West Devon,"53,553",4.8,3.0,2.0,5.7,1.2,2.4,1.9,4.5,4.2,16.3,22.5,8.4,12.5,7.4,2.1,1.2,44.6,47,210,E12000009,South West,West Devon,43823,35613,35613,81.26,35612,35595,16658,18937,17,0,5,1,11,46.8,53.2,0.05,West Devon,"44,652",20.3,12.9,16.8,3.9,11.9,30.0
E07000048,Christchurch,"47,752",4.5,2.8,1.8,5.4,1.1,2.2,1.9,4.3,3.9,15.7,18.8,7.8,13.7,10.8,3.4,1.8,47.1,49,211,E12000009,South West,Christchurch,39176,31071,31066,79.3,31066,31050,12782,18268,16,0,6,2,8,41.17,58.83,0.05,Christchurch,"40,289",23.4,13.7,16.7,5.2,11.3,25.1
E07000049,East Dorset,"87,166",4.3,2.8,1.9,5.4,1.2,2.3,2.0,4.2,3.5,15.1,21.1,8.4,13.5,10.0,2.9,1.5,46.9,49,212,E12000009,South West,East Dorset,71966,58530,58530,81.33,58530,58488,24786,33702,42,0,12,2,28,42.38,57.62,0.07,East Dorset,"73,557",21.5,13.5,16.4,5.3,11.6,27.7
E07000050,North Dorset,"68,583",5.3,3.2,2.0,6.1,1.4,3.0,2.2,5.0,4.7,17.7,20.4,7.5,11.2,7.2,2.0,1.1,42.8,44,213,E12000009,South West,North Dorset,52980,42228,42223,79.71,42228,42201,18399,23802,27,0,0,0,27,43.6,56.4,0.06,North Dorset,"56,230",20.0,14.2,17.8,4.1,12.6,26.9
E07000051,Purbeck,"44,973",4.7,2.9,2.0,5.4,1.2,2.5,2.0,4.8,4.4,16.4,21.0,8.3,12.6,8.4,2.3,1.1,44.9,47,214,E12000009,South West,Purbeck,36418,28736,28736,78.91,28736,28720,11754,16966,16,0,6,0,10,40.93,59.07,0.06,Purbeck,"37,678",21.6,14.3,16.8,5.0,12.1,25.7
E07000052,West Dorset,"99,264",4.4,2.7,1.9,5.6,1.3,2.6,2.0,4.3,3.6,15.3,21.4,8.4,13.2,9.1,2.6,1.5,46.2,49,215,E12000009,South West,West Dorset,82071,65237,65237,79.49,65237,65191,31924,33267,46,0,14,1,31,48.97,51.03,0.07,West Dorset,"83,536",20.1,12.6,16.5,4.4,11.8,30.8
E07000053,Weymouth and Portland,"65,167",5.1,3.0,2.0,5.4,1.1,2.4,2.5,6.0,5.2,17.8,21.1,7.5,11.0,7.0,1.9,1.0,42.8,44,216,E12000009,South West,Weymouth and Portland,50442,38273,38271,75.87,38271,38255,14903,23352,16,0,6,0,10,38.96,61.04,0.04,Weymouth and Portland,"54,306",22.5,14.9,17.4,5.2,13.1,22.5
E07000061,Eastbourne,"99,412",5.4,3.0,1.9,5.4,1.2,2.5,2.6,6.1,6.1,18.3,18.4,6.7,10.1,8.1,2.6,1.6,42.8,43,217,E12000008,South East,Eastbourne,71726,53600,53598,74.73,53598,53545,22845,30700,53,2,15,5,31,42.67,57.33,0.1,Eastbourne,"82,691",23.2,13.8,16.6,3.5,12.6,24.4
E07000062,Hastings,"90,254",6.2,3.2,2.0,5.9,1.2,2.6,2.5,6.4,6.2,19.6,20.2,6.7,8.8,5.6,1.7,1.0,40.2,41,218,E12000008,South East,Hastings,61957,44390,44387,71.64,44387,44350,20011,24339,37,0,12,4,21,45.12,54.88,0.08,Hastings,"73,488",25.4,15.8,17.5,3.0,12.1,21.2
E07000063,Lewes,"97,502",5.2,3.2,2.1,5.7,1.2,2.4,2.1,4.8,4.7,17.3,21.1,7.4,11.2,7.9,2.3,1.3,43.7,45,219,E12000008,South East,Lewes,76428,59528,59531,77.89,59531,59482,30974,28508,49,0,20,0,29,52.07,47.93,0.08,Lewes,"80,534",21.5,13.8,15.7,3.4,11.8,29.4
E07000064,Rother,"90,588",4.4,2.7,1.8,5.7,1.1,2.5,2.0,4.0,3.7,14.4,20.5,8.8,13.5,9.8,3.1,2.0,47.2,50,220,E12000008,South East,Rother,72755,57717,57715,79.33,57715,57669,23916,33753,46,0,16,0,30,41.47,58.53,0.08,Rother,"76,359",24.7,13.8,16.5,3.8,11.2,25.5
E07000065,Wealden,"148,915",5.0,3.3,2.2,6.1,1.2,2.6,2.1,4.2,4.1,16.8,21.7,7.8,11.8,7.7,2.1,1.3,44.0,46,221,E12000008,South East,Wealden,121141,96966,96958,80.03,96944,96892,44084,52808,52,1,16,0,35,45.5,54.5,0.05,Wealden,"122,443",19.9,13.8,17.3,3.7,12.2,28.9
E07000066,Basildon,"174,497",6.5,3.7,2.4,6.2,1.3,2.7,2.3,5.8,6.3,21.0,19.7,6.0,8.3,5.7,1.4,0.7,39.1,39,222,E12000006,East,Basildon,132771,98087,98071,73.86,98062,97999,30748,67251,63,3,26,2,32,31.38,68.62,0.06,Basildon,"139,198",26.6,18.4,17.6,3.6,10.7,18.6
E07000067,Braintree,"147,084",6.4,3.6,2.3,6.1,1.3,2.5,2.2,5.4,5.7,20.7,20.5,6.8,8.9,5.4,1.5,0.8,40.0,41,223,E12000006,East,Braintree,112562,86316,86309,76.67,86303,86236,33523,52713,67,0,23,0,44,38.87,61.13,0.08,Braintree,"118,098",22.8,16.5,18.1,3.9,12.0,22.2
E07000068,Brentwood,"73,601",5.3,3.3,2.2,6.2,1.2,2.8,2.1,5.0,5.2,19.9,21.3,6.5,9.4,6.7,2.0,1.0,41.6,43,224,E12000006,East,Brentwood,58777,46726,46724,79.5,46725,46704,19077,27627,21,0,3,1,17,40.85,59.15,0.04,Brentwood,"60,115",19.4,14.2,17.2,3.3,11.4,30.7
E07000069,Castle Point,"88,011",4.7,3.0,2.0,5.9,1.3,2.6,2.3,5.4,4.8,17.7,20.5,8.1,11.9,7.0,1.7,0.9,43.2,45,225,E12000006,East,Castle Point,68860,51909,51909,75.38,51909,51845,14154,37691,64,0,15,1,48,27.3,72.7,0.12,Castle Point,"73,142",29.9,18.0,17.8,4.6,10.6,14.6
E07000070,Chelmsford,"168,310",5.9,3.4,2.2,5.8,1.2,2.6,2.3,5.9,6.3,20.9,20.3,6.5,8.7,5.7,1.5,0.8,40.1,40,226,E12000006,East,Chelmsford,129971,100867,100866,77.6,100852,100794,47545,53249,58,0,23,2,33,47.17,52.83,0.06,Chelmsford,"137,003",18.9,15.0,17.3,3.6,12.5,28.8
E07000071,Colchester,"173,074",6.2,3.4,2.1,5.6,1.2,2.4,3.2,8.0,6.9,20.6,18.5,6.3,8.3,5.3,1.4,0.8,38.9,38,227,E12000006,East,Colchester,127520,95805,95802,75.11,95782,95719,44414,51305,63,2,17,5,39,46.4,53.6,0.07,Colchester,"141,427",19.4,14.3,16.7,3.4,13.8,27.2
E07000072,Epping Forest,"124,659",5.9,3.4,2.1,5.8,1.2,2.5,2.2,5.3,5.3,20.5,21.0,6.7,9.2,6.2,1.7,0.9,41.1,42,228,E12000006,East,Epping Forest,100016,76905,76900,76.89,76900,76852,28676,48176,48,0,21,2,25,37.31,62.69,0.06,Epping Forest,"101,708",24.0,15.6,16.3,3.3,11.1,25.3
E07000073,Harlow,"81,944",7.3,3.7,2.3,6.0,1.2,2.7,2.2,5.9,7.3,21.6,19.6,5.1,7.2,5.8,1.3,0.6,38.2,37,229,E12000006,East,Harlow,59124,43493,43489,73.56,43489,43469,13867,29602,20,0,1,0,19,31.9,68.1,0.05,Harlow,"65,061",26.0,18.8,17.2,3.6,11.2,17.6
E07000074,Maldon,"61,629",4.9,3.1,2.2,6.0,1.3,2.5,2.0,4.7,4.0,18.5,22.4,8.3,11.3,6.3,1.5,1.0,43.0,45,230,E12000006,East,Maldon,49073,38851,38850,79.17,38850,38831,14529,24302,19,1,9,1,8,37.42,62.58,0.05,Maldon,"50,804",23.1,16.0,17.3,4.6,11.2,23.6
E07000075,Rochford,"83,287",5.2,3.1,2.1,6.2,1.4,2.7,2.1,5.0,4.5,19.3,21.1,7.3,10.6,6.9,1.7,0.8,42.3,44,231,E12000006,East,Rochford,66589,52487,52479,78.81,52479,52447,17510,34937,32,0,13,1,18,33.39,66.61,0.06,Rochford,"68,271",23.6,17.8,18.4,4.3,11.9,20.0
E07000076,Tendring,"138,048",4.9,2.9,1.9,5.6,1.2,2.4,2.1,4.9,4.1,15.3,19.5,8.2,13.6,9.3,2.6,1.4,45.7,48,232,E12000006,East,Tendring,111167,82724,82725,74.4,82703,82657,25210,57447,46,0,17,2,27,30.5,69.5,0.06,Tendring,"115,495",34.3,15.2,16.2,4.1,9.5,15.9
E07000077,Uttlesford,"79,443",5.9,3.8,2.5,6.7,1.4,2.9,2.1,4.5,4.5,19.8,22.2,6.7,9.1,5.5,1.5,0.9,40.6,42,233,E12000006,East,Uttlesford,64735,51973,51972,80.28,51972,51943,25619,26324,29,0,5,0,24,49.32,50.68,0.06,Uttlesford,"63,399",17.7,13.9,17.2,3.3,12.0,31.9
E07000078,Cheltenham,"115,732",5.6,3.0,1.9,5.4,1.2,2.5,2.9,7.9,8.1,20.8,18.6,5.5,8.1,5.7,1.9,1.0,39.5,38,234,E12000009,South West,Cheltenham,87060,66060,66059,75.88,66057,66013,37081,28932,44,0,18,2,24,56.17,43.83,0.07,Cheltenham,"96,008",16.6,11.4,14.4,3.1,13.8,36.2
E07000079,Cotswold,"82,881",4.7,3.0,2.0,5.7,1.1,2.4,2.2,4.6,4.1,17.7,22.4,7.7,11.4,7.6,2.2,1.2,44.2,46,235,E12000009,South West,Cotswold,68734,54847,54847,79.8,54847,54821,28015,26806,26,0,10,2,14,51.1,48.9,0.05,Cotswold,"69,138",18.5,12.8,15.8,3.2,11.9,33.7
E07000080,Forest of Dean,"81,961",4.9,3.0,2.0,5.8,1.3,2.9,2.5,5.1,4.4,17.5,21.9,7.8,11.4,6.6,1.8,0.9,43.0,45,236,E12000009,South West,Forest of Dean,66705,51679,51678,77.47,51677,51643,21392,30251,34,0,17,1,16,41.42,58.58,0.07,Forest of Dean,"67,947",24.5,14.3,16.8,4.5,12.0,24.0
E07000081,Gloucester,"121,688",6.8,3.6,2.3,6.0,1.3,2.6,2.6,6.9,7.2,21.0,19.5,5.4,7.8,5.0,1.4,0.6,38.2,38,237,E12000009,South West,Gloucester,89661,64605,64608,72.06,64606,64577,26801,37776,29,0,14,1,14,41.5,58.5,0.04,Gloucester,"97,531",21.8,16.1,17.3,4.3,13.2,22.2
E07000082,Stroud,"112,779",5.4,3.2,2.2,6.0,1.3,2.7,2.1,4.7,4.4,19.0,22.1,7.4,10.4,6.4,1.8,0.9,42.3,44,238,E12000009,South West,Stroud,92631,74129,74128,80.03,74128,74064,40446,33618,64,0,20,5,39,54.61,45.39,0.09,Stroud,"92,251",18.2,12.9,15.6,4.7,12.2,32.9
E07000083,Tewkesbury,"81,943",5.6,3.2,2.0,5.7,1.2,2.4,1.9,5.0,4.9,19.5,21.4,7.0,10.8,6.6,1.9,0.9,42.4,44,239,E12000009,South West,Tewkesbury,67831,53687,53686,79.15,53686,53652,25084,28568,34,0,16,2,16,46.75,53.25,0.06,Tewkesbury,"67,358",18.8,13.7,16.7,4.4,12.2,30.2
E07000084,Basingstoke and Deane,"167,799",6.8,3.6,2.3,6.2,1.3,2.4,2.0,5.3,6.6,22.4,20.7,6.1,8.0,4.7,1.2,0.6,38.7,39,240,E12000008,South East,Basingstoke and Deane,128677,100395,100395,78.02,100395,100328,48257,52071,67,0,25,2,40,48.1,51.9,0.07,Basingstoke and Deane,"133,947",17.3,14.7,16.4,3.8,12.6,30.5
E07000085,East Hampshire,"115,608",5.4,3.4,2.3,6.3,1.4,2.8,2.2,4.7,4.4,18.4,22.5,7.1,10.2,6.3,1.8,1.0,42.0,44,241,E12000008,South East,East Hampshire,90588,73971,73971,81.65,73967,73922,37346,36576,45,0,12,1,32,50.52,49.48,0.06,East Hampshire,"94,019",16.9,12.5,16.6,3.6,12.7,33.9
E07000086,Eastleigh,"125,199",6.2,3.4,2.1,5.9,1.3,2.6,2.2,5.8,5.8,20.6,21.0,6.4,8.7,5.7,1.5,0.8,40.1,41,242,E12000008,South East,Eastleigh,97280,76148,76148,78.28,76148,76074,36172,39902,74,0,29,1,44,47.55,52.45,0.1,Eastleigh,"101,482",17.6,14.2,17.2,5.7,13.3,27.9
E07000087,Fareham,"111,581",5.0,3.1,2.1,6.0,1.2,2.6,2.2,5.2,4.8,18.9,21.5,7.0,10.6,7.1,1.8,0.9,42.6,44,243,E12000008,South East,Fareham,90175,71772,71772,79.59,71772,71735,32210,39525,37,0,9,4,24,44.9,55.1,0.05,Fareham,"92,153",17.6,13.1,17.0,5.5,13.5,29.8
E07000088,Gosport,"82,622",6.6,3.5,2.2,6.0,1.4,2.5,2.3,6.0,6.5,19.8,19.9,6.3,8.7,5.9,1.6,0.8,39.8,40,244,E12000008,South East,Gosport,62781,46150,46150,73.51,46150,46127,16671,29456,23,0,10,3,10,36.14,63.86,0.05,Gosport,"66,402",21.6,16.2,18.1,5.0,13.4,21.5
E07000089,Hart,"91,033",6.2,3.9,2.4,6.4,1.3,2.5,1.9,4.7,5.0,21.6,21.2,6.5,9.3,5.2,1.3,0.7,40.0,41,245,E12000008,South East,Hart,69946,57836,57822,82.67,57827,57795,30282,27513,32,0,9,0,23,52.4,47.6,0.06,Hart,"72,681",13.5,12.4,16.2,3.5,13.0,37.5
E07000090,Havant,"120,684",5.6,3.3,2.0,6.0,1.3,2.6,2.4,5.6,5.3,17.4,20.6,6.8,10.7,7.6,1.9,1.0,42.3,44,246,E12000008,South East,Havant,95366,70672,70670,74.1,70670,70629,26582,44047,41,0,24,0,17,37.64,62.36,0.06,Havant,"98,807",25.0,14.8,17.1,4.8,12.0,22.3
E07000091,New Forest,"176,462",4.9,2.9,1.9,5.5,1.2,2.3,2.0,4.6,4.3,16.5,21.0,7.9,12.1,8.7,2.7,1.5,45.2,47,247,E12000008,South East,New Forest,141061,111786,111786,79.25,111786,111740,47199,64541,46,0,8,2,36,42.24,57.76,0.04,New Forest,"147,514",21.1,13.3,16.7,5.4,12.0,27.2
E07000092,Rushmoor,"93,807",7.2,3.8,2.2,5.8,1.3,2.7,2.4,7.1,7.8,24.1,18.6,4.9,6.7,3.9,1.1,0.6,36.6,36,248,E12000008,South East,Rushmoor,65790,48803,48800,74.18,48800,48780,20384,28396,20,0,6,1,13,41.79,58.21,0.04,Rushmoor,"74,854",18.6,16.5,17.2,3.6,12.5,24.7
E07000093,Test Valley,"116,398",5.8,3.4,2.2,6.1,1.3,2.6,2.1,4.9,4.6,19.5,21.8,7.2,10.0,5.9,1.6,0.9,41.4,43,249,E12000008,South East,Test Valley,94559,75316,75316,79.65,75316,75261,36170,39091,55,0,13,4,38,48.06,51.94,0.07,Test Valley,"94,414",18.4,13.6,16.5,4.5,12.5,30.5
E07000094,Winchester,"116,595",5.6,3.4,2.2,6.0,1.2,2.8,2.9,6.4,4.8,18.9,20.4,6.6,9.6,6.3,1.8,1.0,40.9,42,250,E12000008,South East,Winchester,89595,72801,72801,81.26,72801,72764,42878,29886,37,0,12,2,23,58.93,41.07,0.05,Winchester,"95,110",14.5,9.6,14.6,3.1,13.9,40.7
E07000095,Broxbourne,"93,609",6.6,3.6,2.3,6.3,1.2,2.6,2.4,6.0,6.1,21.2,19.7,5.7,8.6,5.8,1.3,0.6,39.1,39,251,E12000006,East,Broxbourne,68997,50915,50907,73.78,50907,50872,17166,33706,35,0,14,0,21,33.74,66.26,0.07,Broxbourne,"74,850",25.5,17.7,17.2,3.7,11.2,19.2
E07000096,Dacorum,"144,847",6.7,3.5,2.3,6.1,1.3,2.6,2.1,5.5,6.0,21.4,21.0,5.8,7.8,5.7,1.6,0.8,39.4,40,252,E12000006,East,Dacorum,108965,86313,86308,79.21,86307,86244,42542,43702,63,4,24,0,35,49.33,50.67,0.07,Dacorum,"115,983",18.8,14.7,16.1,3.5,11.6,30.9
E07000242,East Hertfordshire,"137,687",6.0,3.6,2.4,6.6,1.4,2.9,2.0,4.7,5.3,22.1,21.5,6.1,8.1,5.3,1.3,0.7,39.5,40,253,E12000006,East,East Hertfordshire,106260,85446,85435,80.4,85433,85366,42372,42994,67,0,26,5,36,49.64,50.36,0.08,East Hertfordshire,"110,139",17.2,13.5,16.7,3.2,11.9,33.5
E07000098,Hertsmere,"100,031",6.7,3.7,2.3,6.2,1.3,2.7,2.1,5.9,6.1,20.7,20.3,5.8,8.0,5.7,1.7,0.9,39.4,39,254,E12000006,East,Hertsmere,73295,56161,56159,76.62,56159,56125,27593,28532,34,0,12,0,22,49.16,50.84,0.06,Hertsmere,"79,841",19.4,14.1,15.8,2.9,11.2,30.8
E07000099,North Hertfordshire,"127,114",6.3,3.6,2.2,6.0,1.3,2.5,2.0,4.8,6.0,21.6,20.4,6.1,8.5,5.9,1.7,0.9,40.2,40,255,E12000006,East,North Hertfordshire,99316,77748,77741,78.27,77737,77672,42234,35438,65,0,29,1,35,54.37,45.63,0.08,North Hertfordshire,"102,388",18.0,13.2,15.4,3.5,11.4,34.4
E07000240,St Albans,"140,664",7.3,4.0,2.5,6.3,1.3,2.6,1.8,4.5,5.6,23.0,20.0,5.6,7.9,5.4,1.5,0.8,38.9,39,256,E12000006,East,St Albans,104859,86519,86516,82.51,86524,86445,54208,32237,79,0,31,0,48,62.71,37.29,0.09,St Albans,"110,590",12.9,10.0,13.3,2.8,10.4,46.3
E07000243,Stevenage,"83,957",7.0,3.6,2.3,6.1,1.3,2.7,2.6,6.5,7.3,21.2,20.3,4.9,7.1,5.2,1.2,0.6,37.8,37,257,E12000006,East,Stevenage,62156,45811,45811,73.7,45811,45785,18659,27126,26,0,12,2,12,40.75,59.25,0.06,Stevenage,"66,866",21.5,18.0,17.9,3.8,11.8,22.1
E07000102,Three Rivers,"87,317",6.2,3.7,2.4,6.5,1.3,2.7,2.1,5.0,5.4,20.9,21.0,6.1,8.4,5.9,1.6,0.9,40.0,41,258,E12000006,East,Three Rivers,67380,52900,52898,78.5,52896,52848,25751,27097,48,4,15,4,25,48.73,51.27,0.09,Three Rivers,"69,819",17.6,13.2,15.8,3.3,11.5,33.9
E07000103,Watford,"90,301",7.5,3.7,2.3,5.9,1.3,2.4,2.2,6.3,8.9,24.9,17.9,4.4,6.4,4.2,1.1,0.6,36.5,35,259,E12000006,East,Watford,65060,46635,46635,71.68,46635,46586,23167,23419,49,0,23,4,22,49.73,50.27,0.11,Watford,"71,693",17.5,13.3,15.0,2.9,11.7,32.2
E07000241,Welwyn Hatfield,"110,535",6.1,3.3,2.1,5.5,1.2,2.4,3.8,10.3,7.0,19.4,18.4,5.0,7.3,5.7,1.5,0.8,38.0,36,260,E12000006,East,Welwyn Hatfield,78146,58649,58641,75.04,58641,58610,27550,31060,31,0,10,0,21,47.01,52.99,0.05,Welwyn Hatfield,"90,369",17.2,13.0,15.0,3.2,15.7,30.0
E07000105,Ashford,"117,956",6.6,3.7,2.5,6.6,1.3,2.7,2.4,5.3,5.5,20.0,19.9,6.5,9.2,5.4,1.5,0.8,39.6,40,261,E12000008,South East,Ashford,90516,69828,69828,77.14,69827,69786,28314,41472,41,0,13,0,28,40.57,59.43,0.06,Ashford,"93,411",21.2,15.6,17.8,3.9,12.0,24.6
E07000106,Canterbury,"151,145",5.0,3.0,2.0,5.6,1.2,2.4,5.2,10.7,5.7,16.3,17.7,6.4,9.5,6.3,1.9,1.1,40.0,39,262,E12000008,South East,Canterbury,109399,82105,82105,75.05,82105,82048,40169,41879,57,0,21,1,35,48.96,51.04,0.07,Canterbury,"125,971",20.5,11.8,14.3,3.3,17.6,27.3
E07000107,Dartford,"97,365",6.9,3.8,2.3,6.1,1.4,2.5,2.2,6.4,7.3,22.4,19.0,5.2,7.3,5.1,1.3,0.7,37.8,37,263,E12000008,South East,Dartford,73951,55884,55883,75.57,55883,55855,19985,35870,28,0,9,1,18,35.78,64.22,0.05,Dartford,"77,342",21.1,17.3,18.1,4.3,11.5,22.0
E07000108,Dover,"111,674",5.6,3.2,2.1,6.0,1.3,2.6,2.3,5.2,5.3,17.9,21.0,7.4,10.7,6.6,1.8,1.0,42.1,44,264,E12000008,South East,Dover,85011,65057,65057,76.53,65057,65016,24606,40410,41,0,10,0,31,37.85,62.15,0.06,Dover,"91,382",25.0,14.6,17.4,3.7,12.1,22.0
E07000109,Gravesham,"101,720",6.5,3.8,2.3,6.4,1.3,2.9,2.4,6.4,6.5,20.3,19.3,5.8,8.4,5.6,1.3,0.7,38.7,39,265,E12000008,South East,Gravesham,72808,54554,54553,74.93,54553,54519,18876,35643,34,0,6,0,28,34.62,65.38,0.06,Gravesham,"80,964",24.4,16.4,17.0,4.3,11.1,20.0
E07000110,Maidstone,"155,143",6.2,3.5,2.2,6.1,1.2,2.6,2.2,5.6,6.2,20.4,20.2,6.6,9.2,5.6,1.5,0.8,40.1,41,266,E12000008,South East,Maidstone,117298,89177,89173,76.02,89173,89127,36762,52365,46,3,8,1,34,41.25,58.75,0.05,Maidstone,"125,476",20.7,14.6,17.6,4.1,12.2,25.6
E07000111,Sevenoaks,"114,893",6.1,3.7,2.3,6.2,1.2,2.8,2.0,4.6,4.6,19.5,21.2,7.1,9.8,6.5,1.7,0.9,41.4,43,267,E12000008,South East,Sevenoaks,87253,70399,70393,80.68,70393,70349,32091,38258,44,0,18,4,22,45.62,54.38,0.06,Sevenoaks,"92,481",19.2,13.7,16.4,3.4,11.1,32.0
E07000112,Shepway,"107,969",5.6,3.1,2.1,5.9,1.2,2.6,2.3,5.7,5.2,18.1,20.0,7.5,10.7,6.9,2.0,1.2,42.4,43,268,E12000008,South East,Shepway,80879,60659,60659,75.0,60659,60613,22884,37729,46,0,13,2,31,37.75,62.25,0.08,Shepway,"88,760",24.7,14.9,17.5,3.8,11.9,21.8
E07000113,Swale,"135,835",6.4,3.5,2.3,6.5,1.3,2.7,2.4,5.7,6.0,19.4,20.2,6.8,9.3,5.4,1.3,0.7,39.6,40,269,E12000008,South East,Swale,102209,75913,75913,74.27,75913,75869,28481,47388,44,0,16,0,28,37.54,62.46,0.06,Swale,"108,539",27.4,16.3,17.0,4.4,11.2,18.9
E07000114,Thanet,"134,186",6.0,3.3,2.1,6.4,1.3,2.6,2.5,5.5,5.5,17.2,19.3,7.1,10.7,7.1,2.1,1.2,41.9,43,270,E12000008,South East,Thanet,99108,72149,72146,72.8,72146,72102,26065,46037,44,0,14,1,29,36.15,63.85,0.06,Thanet,"108,556",28.4,14.8,16.4,3.9,11.3,19.6
E07000115,Tonbridge and Malling,"120,805",6.2,3.9,2.5,6.8,1.4,3.0,2.3,4.8,4.8,20.6,20.6,6.3,9.1,5.8,1.3,0.7,39.8,41,271,E12000008,South East,Tonbridge and Malling,93019,74070,74066,79.62,74066,74021,32792,41229,45,0,15,1,29,44.3,55.7,0.06,Tonbridge and Malling,"95,821",20.0,15.0,17.7,4.0,12.2,27.1
E07000116,Tunbridge Wells,"115,049",6.4,3.7,2.4,6.7,1.4,2.9,2.0,4.8,5.9,21.1,20.1,6.1,8.4,5.6,1.6,1.0,39.6,40,272,E12000008,South East,Tunbridge Wells,82181,65051,65047,79.14,65039,64996,35676,29320,43,0,13,2,28,54.89,45.11,0.07,Tunbridge Wells,"91,483",17.1,12.4,16.6,2.8,12.1,34.6
E07000117,Burnley,"87,059",6.7,3.7,2.2,5.8,1.3,2.6,2.6,6.4,6.6,19.5,19.7,6.7,8.7,5.3,1.5,0.8,39.4,39,273,E12000002,North West,Burnley,64461,43354,43350,67.25,43350,43316,14462,28854,34,0,11,0,23,33.39,66.61,0.08,Burnley,"69,915",29.3,14.4,15.8,4.6,12.3,18.7
E07000118,Chorley,"107,155",5.8,3.5,2.1,5.7,1.3,2.4,2.1,5.7,5.8,20.8,21.0,7.2,9.7,5.1,1.3,0.7,40.5,41,274,E12000002,North West,Chorley,84159,63564,63562,75.52,63560,63515,27417,36098,45,4,6,5,30,43.17,56.83,0.07,Chorley,"87,532",21.2,13.4,16.2,4.8,12.6,27.8
E07000119,Fylde,"75,757",4.8,2.8,1.9,5.3,1.1,2.3,2.0,4.5,4.7,17.1,21.7,7.5,12.1,8.6,2.3,1.2,44.9,47,275,E12000002,North West,Fylde,61174,46227,46227,75.57,46227,46206,19889,26317,21,0,5,1,15,43.04,56.96,0.05,Fylde,"63,757",21.2,12.0,16.6,4.2,12.3,29.8
E07000120,Hyndburn,"80,734",6.7,3.8,2.4,6.3,1.4,2.7,2.4,6.2,6.5,20.2,19.1,6.3,8.8,5.2,1.3,0.6,38.7,39,276,E12000002,North West,Hyndburn,62042,40173,40168,64.74,40168,40137,13569,26568,31,0,13,3,15,33.81,66.19,0.08,Hyndburn,"64,092",28.0,13.8,16.2,5.5,12.5,18.9
E07000121,Lancaster,"138,375",5.2,2.9,1.8,5.6,1.1,2.4,4.7,9.5,5.8,17.6,18.9,6.3,9.6,6.2,1.7,0.9,40.2,40,277,E12000002,North West,Lancaster,100567,73102,73098,72.69,73098,73041,35732,37309,57,0,12,2,43,48.92,51.08,0.08,Lancaster,"115,405",20.6,11.4,15.2,3.7,17.5,27.2
E07000122,Pendle,"89,452",7.1,3.8,2.3,6.0,1.3,2.4,2.4,6.4,7.0,19.5,19.0,6.7,8.6,5.4,1.4,0.7,38.9,39,278,E12000002,North West,Pendle,64534,45389,45388,70.33,45388,45335,16704,28631,53,0,15,7,31,36.85,63.15,0.12,Pendle,"71,128",28.2,13.3,15.1,4.8,12.5,20.2
E07000123,Preston,"140,202",6.6,3.5,2.1,5.7,1.1,2.4,3.9,10.0,7.7,20.1,18.0,5.1,7.1,4.8,1.2,0.6,36.9,35,279,E12000002,North West,Preston,94284,64794,64794,68.72,64794,64745,30227,34518,49,2,19,0,28,46.69,53.31,0.08,Preston,"113,422",23.5,12.6,14.5,3.9,15.1,24.6
E07000124,Ribble Valley,"57,132",5.0,3.2,2.2,6.7,1.4,2.7,2.1,4.7,4.2,17.8,22.3,7.4,11.0,6.6,1.7,0.9,42.5,44,280,E12000002,North West,Ribble Valley,46148,36473,36466,79.02,36466,36442,15892,20550,24,3,6,1,14,43.61,56.39,0.07,Ribble Valley,"46,552",18.3,11.1,15.3,5.0,12.5,34.0
E07000125,Rossendale,"67,982",6.4,3.4,2.3,6.0,1.3,2.7,2.3,5.7,5.8,20.5,21.1,6.9,8.5,5.0,1.3,0.6,39.6,40,281,E12000002,North West,Rossendale,52750,38205,38204,72.43,38205,38181,15012,23169,24,0,9,1,14,39.32,60.68,0.06,Rossendale,"54,811",24.0,13.7,16.5,4.0,13.0,25.1
E07000126,South Ribble,"109,057",5.8,3.3,2.1,5.8,1.2,2.5,2.2,5.8,5.8,20.0,20.7,6.9,9.8,5.8,1.5,0.7,40.8,42,282,E12000002,North West,South Ribble,84573,63756,63755,75.38,63755,63724,26406,37318,31,0,15,2,14,41.44,58.56,0.05,South Ribble,"89,163",20.3,13.5,16.6,5.8,13.7,26.4
E07000127,West Lancashire,"110,685",5.4,3.2,2.1,6.0,1.2,2.5,3.2,6.5,4.9,17.8,21.0,7.1,10.6,6.1,1.4,0.7,41.2,42,283,E12000002,North West,West Lancashire,85834,63921,63918,74.47,63918,63869,28546,35323,49,0,13,1,35,44.69,55.31,0.08,West Lancashire,"90,712",23.5,13.4,15.8,4.0,13.9,25.4
E07000128,Wyre,"107,749",4.7,2.9,1.9,5.4,1.2,2.6,2.3,5.0,4.5,16.4,20.8,7.6,12.8,8.6,2.3,1.1,44.7,47,284,E12000002,North West,Wyre,84471,63031,63028,74.61,63028,62979,22816,40163,49,3,19,8,19,36.23,63.77,0.08,Wyre,"90,467",25.9,13.4,16.6,4.8,12.0,23.0
E07000129,Blaby,"93,915",5.8,3.5,2.2,6.0,1.3,2.6,2.3,5.3,5.3,20.2,20.8,6.8,9.7,6.0,1.5,0.7,40.9,42,285,E12000004,East Midlands,Blaby,73832,56517,56514,76.54,56512,56471,22888,33583,41,0,13,2,26,40.53,59.47,0.07,Blaby,"76,334",22.2,14.5,16.1,5.7,12.3,24.9
E07000130,Charnwood,"166,100",5.5,3.0,1.9,5.4,1.1,2.5,4.1,9.7,6.1,18.8,19.2,6.2,8.6,5.6,1.4,0.8,39.3,39,286,E12000004,East Midlands,Charnwood,133780,94265,94258,70.46,94257,94172,43500,50672,85,0,47,0,38,46.19,53.81,0.09,Charnwood,"137,878",20.5,12.1,14.3,4.8,17.0,26.8
E07000131,Harborough,"85,382",5.5,3.5,2.3,6.5,1.3,2.7,2.0,4.3,4.3,19.7,22.4,7.1,9.9,5.9,1.6,0.8,41.6,43,287,E12000004,East Midlands,Harborough,67420,54922,54918,81.44,54910,54878,27028,27850,32,0,1,2,29,49.25,50.75,0.06,Harborough,"69,034",18.1,13.3,16.3,4.6,12.1,31.8
E07000132,Hinckley and Bosworth,"105,078",5.5,3.2,2.0,5.7,1.2,2.5,2.0,5.1,5.5,19.8,21.5,7.5,10.1,6.0,1.6,0.7,41.7,43,288,E12000004,East Midlands,Hinckley and Bosworth,85305,65517,65516,76.8,65516,65470,25969,39501,46,0,6,0,40,39.67,60.33,0.07,Hinckley and Bosworth,"86,475",24.4,14.3,16.1,4.8,12.4,24.1
E07000133,Melton,"50,376",5.5,3.2,2.1,6.0,1.3,2.5,2.1,5.0,5.0,19.1,22.4,7.3,9.9,6.0,1.7,0.8,41.7,43,289,E12000004,East Midlands,Melton,37273,30322,30322,81.36,30327,30305,12695,17610,22,0,9,1,12,41.89,58.11,0.07,Melton,"41,237",21.4,14.0,16.5,4.8,12.7,26.2
E07000134,North West Leicestershire,"93,468",5.9,3.6,2.2,6.0,1.2,2.5,2.1,5.1,5.3,20.5,21.2,7.1,9.6,5.5,1.5,0.7,40.8,42,290,E12000004,East Midlands,North West Leicestershire,73944,57655,57655,77.95,57638,57611,22642,34969,27,0,6,0,21,39.3,60.7,0.05,North West Leicestershire,"75,791",26.0,13.2,15.4,4.5,12.4,24.3
E07000135,Oadby and Wigston,"56,170",5.1,3.0,1.9,6.0,1.3,2.8,4.8,6.2,5.4,17.9,20.1,6.1,9.5,7.2,1.8,0.9,41.0,41,291,E12000004,East Midlands,Oadby and Wigston,42684,31488,31488,73.77,31489,31465,14292,17173,24,0,9,0,15,45.42,54.58,0.08,Oadby and Wigston,"46,359",22.6,13.3,15.1,4.3,14.7,24.8
E07000136,Boston,"64,637",5.9,3.1,1.9,5.5,1.2,2.3,2.2,6.1,6.8,18.7,19.8,6.8,10.5,6.7,1.7,0.8,41.5,42,292,E12000004,East Midlands,Boston,39363,30417,30417,77.27,30416,30404,7430,22974,12,0,1,1,10,24.44,75.56,0.04,Boston,"53,275",32.7,14.5,15.3,3.3,9.3,15.1
E07000137,East Lindsey,"136,401",4.5,2.7,1.7,5.3,1.2,2.3,2.0,4.7,4.3,15.2,21.0,9.0,14.6,8.4,2.0,1.0,45.8,49,293,E12000004,East Midlands,East Lindsey,107009,80180,80179,74.93,80178,80128,23515,56613,50,2,21,0,27,29.35,70.65,0.06,East Lindsey,"115,418",32.6,14.2,15.6,4.3,10.5,18.1
E07000138,Lincoln,"93,541",5.9,2.9,1.7,4.9,1.1,2.2,5.0,12.0,8.5,19.1,17.4,5.2,7.2,4.9,1.4,0.8,37.4,34,294,E12000004,East Midlands,Lincoln,63351,43928,43928,69.34,43928,43894,18902,24992,34,0,17,0,17,43.06,56.94,0.08,Lincoln,"78,190",21.9,13.2,16.1,3.7,18.4,21.3
E07000139,North Kesteven,"107,766",5.1,3.1,2.1,6.1,1.3,2.5,2.0,4.7,5.0,19.0,20.9,7.3,11.5,6.8,1.7,0.9,42.7,44,295,E12000004,East Midlands,North Kesteven,86468,67791,67791,78.4,67791,67753,25570,42183,38,0,13,1,24,37.74,62.26,0.06,North Kesteven,"88,700",21.7,13.8,17.3,4.4,13.2,25.4
E07000140,South Holland,"88,270",5.1,2.9,2.0,5.6,1.3,2.4,1.9,5.1,5.3,18.3,20.4,7.5,11.6,7.8,1.9,1.0,43.4,45,296,E12000004,East Midlands,South Holland,65701,49518,49518,75.37,49518,49497,13074,36423,21,0,8,0,13,26.41,73.59,0.04,South Holland,"73,354",30.8,15.3,16.5,3.7,10.0,15.8
E07000141,South Kesteven,"133,788",5.6,3.2,2.2,6.2,1.4,2.6,2.1,4.7,5.1,19.2,21.6,7.2,10.3,6.1,1.8,0.9,41.8,43,297,E12000004,East Midlands,South Kesteven,105457,82527,82525,78.25,82523,82471,33047,49424,52,0,14,4,34,40.07,59.93,0.06,South Kesteven,"109,085",21.6,13.8,17.2,4.6,12.4,25.6
E07000142,West Lindsey,"89,250",4.9,3.0,2.0,6.0,1.4,2.7,2.3,4.6,4.4,17.5,22.4,7.9,11.7,6.8,1.6,0.9,43.1,45,298,E12000004,East Midlands,West Lindsey,73499,54785,54781,74.53,54781,54753,20906,33847,28,0,7,4,17,38.18,61.82,0.05,West Lindsey,"73,753",23.0,13.9,16.6,5.1,11.9,25.3
E07000143,Breckland,"130,491",5.7,3.0,1.9,5.7,1.3,2.4,2.1,5.6,5.6,17.9,19.7,7.5,11.3,7.3,1.9,1.0,42.6,44,299,E12000006,East,Breckland,98989,73593,73593,74.34,73593,73548,26313,47235,45,0,10,0,35,35.78,64.22,0.06,Breckland,"107,507",28.0,15.0,16.9,4.0,11.1,18.6
E07000144,Broadland,"124,646",4.9,3.0,2.0,5.8,1.2,2.5,2.0,4.4,4.3,18.6,21.3,7.8,11.6,7.6,2.0,1.1,43.9,45,300,E12000006,East,Broadland,99254,77785,77783,78.37,77781,77737,35469,42268,44,0,0,0,44,45.63,54.37,0.06,Broadland,"103,657",22.9,14.8,17.5,5.5,12.0,23.2
E07000145,Great Yarmouth,"97,277",5.7,3.1,2.0,5.7,1.5,2.5,2.3,6.1,5.9,17.1,19.6,7.4,11.2,7.0,1.9,0.9,42.1,43,301,E12000006,East,Great Yarmouth,72634,50157,50156,69.06,50158,50128,14284,35844,30,0,14,7,9,28.5,71.5,0.06,Great Yarmouth,"79,748",32.8,15.7,16.1,4.7,10.6,14.2
E07000146,King’s Lynn and West Norfolk,"147,451",5.4,3.0,2.0,5.3,1.1,2.4,2.0,5.5,5.6,17.3,19.7,7.6,12.1,7.9,2.0,1.0,43.5,45,302,E12000006,East,King's Lynn and West Norfolk,113884,85134,85128,74.75,85128,85080,28587,56493,48,0,13,3,32,33.6,66.4,0.06,King’s Lynn and West Norfolk,"122,639",29.3,14.5,16.2,3.8,11.0,19.1
E07000147,North Norfolk,"101,499",4.3,2.4,1.7,4.9,1.2,2.2,1.9,4.5,4.2,14.4,20.6,9.1,14.6,10.1,2.6,1.5,47.5,51,303,E12000006,East,North Norfolk,83065,63841,63838,76.84,63829,63790,26214,37576,39,0,4,2,33,41.09,58.91,0.06,North Norfolk,"86,830",27.5,14.1,16.2,4.7,10.5,22.3
E07000148,Norwich,"132,512",6.4,3.0,1.7,4.4,0.9,1.9,3.9,11.5,9.7,21.2,15.9,4.9,7.0,5.1,1.6,0.9,37.4,34,304,E12000006,East,Norwich,96091,66420,66423,69.12,66422,66366,37326,29040,56,0,17,1,38,56.24,43.76,0.08,Norwich,"110,805",22.6,12.8,13.8,2.6,15.2,27.7
E07000149,South Norfolk,"124,012",5.5,3.1,2.0,6.1,1.2,2.6,2.0,4.3,4.6,18.4,20.9,7.7,11.4,7.2,1.9,0.9,43.0,45,305,E12000006,East,South Norfolk,102395,80418,80418,78.54,80418,80358,38817,41541,60,0,24,1,35,48.31,51.69,0.07,South Norfolk,"101,717",22.6,13.6,17.1,4.2,11.5,27.0
E07000150,Corby,"61,255",7.4,3.6,2.3,6.1,1.2,2.6,2.4,6.4,7.8,21.1,20.3,5.2,7.7,4.5,1.0,0.4,37.5,37,306,E12000004,East Midlands,Corby,43313,32103,32100,74.1,32097,32081,11470,20611,16,0,4,0,12,35.75,64.25,0.05,Corby,"48,637",27.6,17.3,17.1,4.1,11.1,14.9
E07000151,Daventry,"77,843",5.6,3.5,2.4,6.3,1.4,2.7,2.2,4.9,4.6,19.9,22.4,7.3,9.7,5.2,1.3,0.7,40.9,43,307,E12000004,East Midlands,Daventry,61004,49421,49420,81.01,49420,49381,20443,28938,39,0,10,2,27,41.4,58.6,0.08,Daventry,"63,031",18.9,14.8,17.0,4.4,11.8,28.8
E07000152,East Northamptonshire,"86,765",6.0,3.7,2.2,6.4,1.4,2.9,2.2,4.6,4.9,20.6,20.9,7.2,9.3,5.3,1.5,0.8,40.4,42,308,E12000004,East Midlands,East Northamptonshire,68334,52619,52614,76.99,52607,52574,21680,30894,33,0,6,2,25,41.24,58.76,0.06,East Northamptonshire,"69,576",22.3,15.3,17.6,4.4,11.8,24.2
E07000153,Kettering,"93,475",6.7,3.7,2.3,6.0,1.2,2.5,2.2,5.3,6.2,21.5,19.6,6.6,8.7,5.1,1.5,0.8,39.5,40,309,E12000004,East Midlands,Kettering,70570,53946,53941,76.43,53940,53907,21030,32877,33,1,12,0,20,39.01,60.99,0.06,Kettering,"74,809",22.8,15.5,17.0,4.3,11.8,23.3
E07000154,Northampton,"212,069",7.5,3.7,2.2,5.7,1.2,2.4,2.7,7.2,8.0,22.2,18.4,5.5,7.0,4.4,1.3,0.7,37.1,36,310,E12000004,East Midlands,Northampton,144948,105352,105350,72.68,105354,105259,43805,61454,95,0,35,7,53,41.62,58.38,0.09,Northampton,"169,056",22.5,14.9,15.8,3.6,12.4,23.7
E07000155,South Northamptonshire,"85,189",5.6,3.6,2.5,6.5,1.3,2.6,2.0,4.2,4.2,20.5,22.7,7.4,9.5,5.3,1.4,0.7,41.1,43,311,E12000004,East Midlands,South Northamptonshire,71309,56666,56659,79.46,56664,56624,25853,30771,40,0,18,1,21,45.66,54.34,0.07,South Northamptonshire,"68,624",17.4,14.0,16.7,4.5,12.5,31.1
E07000156,Wellingborough,"75,356",6.7,3.7,2.3,6.1,1.2,2.5,2.1,5.3,6.2,20.9,20.0,6.7,9.0,5.2,1.4,0.7,39.6,40,312,E12000004,East Midlands,Wellingborough,54572,41184,41177,75.46,41178,41141,15462,25679,37,0,18,2,17,37.58,62.42,0.09,Wellingborough,"60,348",25.7,16.0,16.5,4.1,10.8,20.4
E07000163,Craven,"55,409",4.6,2.8,2.1,6.0,1.3,2.5,2.0,4.3,4.1,16.9,22.6,8.0,11.7,7.6,2.2,1.2,44.5,47,313,E12000003,Yorkshire and The Humber,Craven,44320,35907,35907,81.02,35907,35891,16930,18961,16,0,6,0,10,47.17,52.83,0.04,Craven,"46,161",20.3,11.7,15.7,4.6,12.3,31.8
E07000164,Hambleton,"89,140",4.9,3.1,2.0,5.7,1.2,2.4,2.2,5.0,4.7,17.1,22.4,7.7,11.7,7.1,1.8,0.9,43.5,46,314,E12000003,Yorkshire and The Humber,Hambleton,70133,55016,55016,78.45,55016,54982,25480,29502,34,0,18,1,15,46.34,53.66,0.06,Hambleton,"74,039",19.6,12.0,16.1,4.1,12.2,32.1
E07000165,Harrogate,"157,869",5.5,3.3,2.2,6.0,1.3,2.6,2.1,4.7,5.2,19.4,21.5,6.8,10.1,6.6,1.9,1.1,42.0,43,315,E12000003,Yorkshire and The Humber,Harrogate,119987,94669,94665,78.89,94653,94585,48211,46374,68,2,25,3,38,50.97,49.03,0.07,Harrogate,"129,036",17.3,11.8,16.4,3.6,11.8,34.1
E07000166,Richmondshire,"51,965",5.6,3.2,2.2,5.7,1.2,2.3,3.3,8.2,6.7,18.0,19.4,6.8,9.7,5.7,1.4,0.7,40.0,40,316,E12000003,Yorkshire and The Humber,Richmondshire,36794,27652,27652,75.15,27652,27636,11945,15691,16,0,6,0,10,43.22,56.78,0.06,Richmondshire,"42,698",18.6,15.0,18.0,3.7,12.3,27.0
E07000167,Ryedale,"51,751",4.6,2.9,1.8,5.8,1.3,2.8,2.0,4.3,4.0,16.4,22.2,8.4,12.4,7.9,1.9,1.0,44.6,47,317,E12000003,Yorkshire and The Humber,Ryedale,41529,32069,32069,77.22,32069,32050,14340,17710,19,0,5,2,12,44.74,55.26,0.06,Ryedale,"43,200",24.0,12.6,16.3,4.1,11.3,27.3
E07000168,Scarborough,"108,793",4.9,2.8,1.8,5.3,1.2,2.3,2.5,5.8,4.9,15.9,21.3,8.0,12.2,7.8,2.1,1.1,44.2,46,318,E12000003,Yorkshire and The Humber,Scarborough,82900,60540,60539,73.03,60539,60511,22999,37512,28,0,6,0,22,38.01,61.99,0.05,Scarborough,"91,402",26.0,12.9,16.3,5.3,12.1,22.7
E07000169,Selby,"83,449",5.8,3.3,2.2,5.8,1.2,2.6,2.2,5.3,5.2,19.9,22.5,7.2,9.2,5.5,1.4,0.7,40.9,42,319,E12000003,Yorkshire and The Humber,Selby,65278,51641,51639,79.1,51636,51603,21071,30532,33,0,7,2,24,40.83,59.17,0.06,Selby,"68,135",21.2,14.0,16.6,5.0,12.8,26.1
E07000170,Ashfield,"119,497",6.2,3.4,2.2,6.0,1.3,2.5,2.4,5.9,5.9,20.4,20.5,6.3,9.7,5.2,1.4,0.7,40.0,41,320,E12000004,East Midlands,Ashfield,91916,66948,66947,72.83,66946,66899,20179,46720,47,1,15,1,30,30.16,69.84,0.07,Ashfield,"96,698",31.4,16.4,16.4,4.3,12.0,15.1
E07000171,Bassetlaw,"112,863",5.4,3.1,2.0,6.0,1.3,2.7,2.3,5.3,5.3,19.1,21.6,7.2,10.2,6.1,1.5,0.7,41.5,43,321,E12000004,East Midlands,Bassetlaw,85547,64006,64005,74.82,64003,63967,20575,43392,36,1,10,5,20,32.17,67.83,0.06,Bassetlaw,"92,702",28.5,14.6,16.4,4.1,11.3,20.2
E07000172,Broxtowe,"109,487",5.6,2.9,1.9,5.3,1.1,2.5,2.3,6.1,6.1,20.2,20.7,6.9,9.8,6.1,1.6,0.8,41.4,42,322,E12000004,East Midlands,Broxtowe,83593,65468,65468,78.32,65468,65426,29672,35754,42,0,8,1,33,45.35,54.65,0.06,Broxtowe,"90,938",23.1,12.9,14.9,4.5,12.1,28.2
E07000173,Gedling,"113,543",5.7,3.2,2.1,5.8,1.2,2.5,2.3,5.3,5.5,19.9,21.3,6.8,9.8,6.3,1.7,0.7,41.4,42,323,E12000004,East Midlands,Gedling,88298,67639,67635,76.6,67635,67577,30035,37542,58,2,17,1,38,44.45,55.55,0.09,Gedling,"93,186",23.6,13.7,15.8,4.6,12.9,25.3
E07000174,Mansfield,"104,466",6.1,3.2,2.0,5.6,1.2,2.6,2.4,6.2,6.5,19.6,21.0,6.2,9.2,5.8,1.5,0.7,40.2,41,324,E12000004,East Midlands,Mansfield,77624,56371,56369,72.62,56370,56344,16417,39927,26,0,8,0,18,29.14,70.86,0.05,Mansfield,"85,448",30.4,15.7,16.5,3.7,12.1,16.4
E07000175,Newark and Sherwood,"114,817",5.5,3.3,2.1,6.0,1.2,2.5,2.3,5.3,5.2,19.0,21.3,7.2,10.4,6.2,1.6,0.8,41.6,43,325,E12000004,East Midlands,Newark and Sherwood,87338,67133,67128,76.86,67128,67087,26571,40516,41,0,14,2,25,39.61,60.39,0.06,Newark and Sherwood,"93,957",25.1,14.3,16.1,4.0,11.9,24.2
E07000176,Rushcliffe,"111,129",5.8,3.4,2.2,6.0,1.2,2.4,2.3,5.6,4.8,20.0,21.4,6.7,9.6,6.3,1.7,0.8,41.2,42,326,E12000004,East Midlands,Rushcliffe,86401,70472,70470,81.56,70470,70410,40522,29888,60,0,20,0,40,57.55,42.45,0.09,Rushcliffe,"90,551",16.4,10.4,14.4,3.4,13.1,39.0
E07000177,Cherwell,"141,868",6.9,3.6,2.2,6.1,1.2,2.5,2.2,5.4,6.8,21.8,20.1,5.9,8.1,5.2,1.3,0.7,38.9,39,327,E12000008,South East,Cherwell,108342,81909,81912,75.6,81908,81836,40668,41168,72,0,29,1,42,49.69,50.31,0.09,Cherwell,"113,422",19.7,15.2,15.8,4.1,11.6,28.1
E07000178,Oxford,"151,906",6.1,3.0,1.9,4.7,0.9,2.1,5.5,14.8,11.3,20.6,14.3,3.9,5.5,3.7,1.1,0.6,34.3,29,328,E12000008,South East,Oxford,97331,70421,70411,72.34,70411,70337,49424,20913,74,0,29,1,44,70.27,29.73,0.11,Oxford,"126,725",13.6,8.3,8.9,1.8,17.8,42.6
E07000179,South Oxfordshire,"134,257",6.1,3.6,2.3,6.1,1.3,2.4,2.0,4.6,5.3,20.5,21.0,6.5,9.7,5.9,1.6,0.9,40.9,42,329,E12000008,South East,South Oxfordshire,104231,84167,84167,80.75,84167,84110,46245,37865,57,0,18,0,39,54.98,45.02,0.07,South Oxfordshire,"108,232",16.5,12.1,14.9,3.8,12.0,36.7
E07000180,Vale of White Horse,"120,988",6.1,3.4,2.1,6.1,1.3,2.6,2.2,4.9,5.8,20.0,20.9,6.6,9.4,6.1,1.6,0.9,40.8,41,330,E12000008,South East,Vale of White Horse,94487,76706,76706,81.18,76706,76654,43462,33192,52,0,13,0,39,56.7,43.3,0.07,Vale of White Horse,"97,867",16.7,11.8,14.6,4.1,11.5,37.2
E07000181,West Oxfordshire,"104,779",6.1,3.4,2.1,5.8,1.2,2.4,2.1,5.1,5.8,20.2,20.8,6.6,9.7,6.1,1.7,0.9,41.1,42,331,E12000008,South East,West Oxfordshire,82441,65721,65719,79.72,65719,65671,35236,30435,48,0,8,1,39,53.66,46.34,0.07,West Oxfordshire,"85,312",17.6,13.3,15.8,3.9,12.3,32.9
E07000187,Mendip,"109,279",5.4,3.3,2.1,6.4,1.4,3.2,2.3,4.9,4.7,17.9,21.6,7.3,10.1,6.5,1.9,1.0,41.9,43,332,E12000009,South West,Mendip,85068,65529,65509,77.01,65509,65455,33427,32028,54,0,16,5,33,51.07,48.93,0.08,Mendip,"88,882",21.4,13.5,17.1,4.1,12.0,27.9
E07000188,Sedgemoor,"114,588",5.5,3.2,2.0,6.0,1.3,2.7,2.2,5.4,4.9,17.5,21.4,7.4,10.9,6.8,1.9,1.0,42.4,44,333,E12000009,South West,Sedgemoor,89714,68451,68448,76.3,68450,68414,26545,41869,36,1,13,1,21,38.8,61.2,0.05,Sedgemoor,"93,922",25.1,14.7,17.1,4.7,11.8,22.1
E07000189,South Somerset,"161,243",5.4,3.1,2.1,5.8,1.3,2.5,2.2,5.3,5.0,17.6,20.5,7.6,11.2,7.3,2.1,1.1,42.9,44,334,E12000009,South West,South Somerset,126495,99535,99535,78.69,99535,99467,42527,56940,68,0,22,0,46,42.75,57.25,0.07,South Somerset,"132,625",21.9,13.7,17.0,5.2,12.4,25.1
E07000190,Taunton Deane,"110,187",5.7,3.2,2.1,5.8,1.4,2.8,2.3,5.7,5.5,18.4,20.4,6.8,9.8,6.9,2.1,1.2,41.8,43,335,E12000009,South West,Taunton Deane,84164,65789,65785,78.16,65786,65733,30944,34789,53,0,21,1,31,47.08,52.92,0.08,Taunton Deane,"90,109",20.5,13.0,17.9,3.7,12.3,28.1
E07000191,West Somerset,"34,675",4.2,2.4,1.6,4.7,1.1,2.1,2.0,5.0,4.5,13.3,21.1,9.0,14.9,9.7,2.9,1.5,47.7,51,336,E12000009,South West,West Somerset,27478,21755,21752,79.17,21753,21734,8566,13168,19,1,10,0,8,39.41,60.59,0.09,West Somerset,"29,844",24.8,13.6,16.7,4.0,10.7,24.8
E07000192,Cannock Chase,"97,462",6.0,3.4,2.1,6.0,1.3,2.6,2.4,6.0,6.3,20.9,20.4,6.3,9.1,5.1,1.3,0.6,39.6,40,337,E12000005,West Midlands,Cannock Chase,75010,53610,53610,71.47,53607,53578,16684,36894,29,0,15,2,12,31.14,68.86,0.05,Cannock Chase,"79,027",28.2,16.3,17.8,3.6,12.7,17.2
E07000193,East Staffordshire,"113,583",6.2,3.5,2.3,5.9,1.3,2.7,2.3,5.9,6.3,20.1,20.5,6.2,9.1,5.7,1.4,0.7,39.8,40,338,E12000005,West Midlands,East Staffordshire,83558,62164,62160,74.39,62161,62116,22850,39266,45,0,9,1,35,36.79,63.21,0.07,East Staffordshire,"91,821",24.7,14.2,16.1,4.2,11.7,23.4
E07000194,Lichfield,"100,654",5.3,3.2,2.1,5.7,1.2,2.5,2.2,5.2,5.0,19.1,20.9,7.5,11.9,6.0,1.5,0.8,42.2,44,339,E12000005,West Midlands,Lichfield,80369,63324,63318,78.78,63318,63278,26064,37214,40,0,16,1,23,41.19,58.81,0.06,Lichfield,"83,057",22.4,13.7,16.0,3.5,11.8,28.4
E07000195,Newcastle-under-Lyme,"123,871",5.1,3.2,1.9,5.6,1.1,2.4,3.4,7.7,5.6,18.8,20.2,6.8,9.7,6.2,1.6,0.7,40.8,41,340,E12000005,West Midlands,Newcastle-under-Lyme,92816,68966,68966,74.3,68966,68934,25477,43457,32,0,13,0,19,36.96,63.04,0.05,Newcastle-under-Lyme,"102,813",26.8,12.7,15.7,3.9,14.5,22.5
E07000196,South Staffordshire,"108,131",4.5,2.9,1.9,5.8,1.2,2.6,2.3,5.6,4.6,17.8,22.4,7.6,11.8,6.6,1.6,0.8,43.2,45,341,E12000005,West Midlands,South Staffordshire,85777,66741,66741,77.81,66739,66692,23444,43248,47,0,6,2,39,35.15,64.85,0.07,South Staffordshire,"90,506",24.0,13.9,16.5,4.0,12.5,25.1
E07000197,Stafford,"130,869",5.4,3.2,1.9,5.5,1.1,2.4,2.4,6.1,5.4,19.4,20.9,7.0,10.7,6.1,1.6,0.9,41.8,43,342,E12000005,West Midlands,Stafford,99612,77524,77527,77.83,77527,77484,34098,43386,43,0,11,3,29,44.01,55.99,0.06,Stafford,"108,626",20.4,12.7,15.8,3.5,12.9,30.3
E07000198,Staffordshire Moorlands,"97,106",4.8,2.9,2.0,5.5,1.2,2.5,2.1,4.9,4.6,18.6,21.7,8.1,11.7,6.7,1.7,0.9,43.4,45,343,E12000005,West Midlands,Staffordshire Moorlands,79347,59794,59793,75.36,59793,59760,21076,38684,33,0,13,0,20,35.27,64.73,0.06,Staffordshire Moorlands,"81,106",26.6,12.8,16.0,4.2,12.3,23.7
E07000199,Tamworth,"76,813",6.6,3.7,2.2,6.2,1.2,2.6,2.4,6.2,6.7,21.0,20.1,6.5,8.5,4.5,1.1,0.5,38.6,39,344,E12000005,West Midlands,Tamworth,56825,42152,42151,74.18,42151,42129,13705,28424,22,0,12,0,10,32.53,67.47,0.05,Tamworth,"61,467",26.8,17.4,17.8,3.7,12.5,17.4
E07000200,Babergh,"87,740",5.1,3.4,2.1,6.2,1.3,2.6,1.9,4.5,4.3,18.1,21.1,8.0,11.4,7.1,1.9,1.0,43.1,45,345,E12000006,East,Babergh,70628,55274,55274,78.26,55272,55242,25309,29933,30,0,13,0,17,45.81,54.19,0.05,Babergh,"71,821",22.8,14.5,17.5,3.9,11.6,25.8
E07000201,Forest Heath,"59,748",6.9,3.4,2.0,5.2,1.0,2.0,1.9,7.8,9.2,21.0,17.4,6.0,8.5,5.6,1.5,0.7,38.8,37,346,E12000006,East,Forest Heath,38527,27976,27977,72.62,27977,27951,9791,18160,26,2,4,2,18,35.03,64.97,0.09,Forest Heath,"48,684",25.7,13.6,14.2,4.0,10.3,19.2
E07000202,Ipswich,"133,384",6.9,3.6,2.1,5.7,1.2,2.6,2.7,7.2,8.2,21.4,18.3,5.4,7.2,5.3,1.5,0.8,38.0,36,347,E12000006,East,Ipswich,91574,66405,66405,72.51,66400,66353,27698,38655,47,0,1,7,39,41.74,58.26,0.07,Ipswich,"107,396",25.8,15.9,16.3,3.8,11.4,20.6
E07000203,Mid Suffolk,"96,731",5.4,3.3,2.2,6.1,1.3,2.5,2.0,4.7,4.7,18.2,21.5,7.8,11.0,6.5,1.7,0.9,42.4,44,348,E12000006,East,Mid Suffolk,78325,61231,61231,78.16,61222,61185,27391,33794,37,0,4,0,33,44.77,55.23,0.06,Mid Suffolk,"78,907",22.3,13.9,16.8,4.1,12.4,26.4
E07000204,St Edmundsbury,"111,008",6.0,3.3,2.1,5.7,1.2,2.5,2.1,5.8,6.5,19.6,19.4,6.8,10.2,6.1,1.7,1.0,41.0,41,349,E12000006,East,St Edmundsbury,81148,62258,62256,76.72,62255,62210,26986,35224,45,1,14,0,30,43.38,56.62,0.07,St Edmundsbury,"90,683",22.4,14.6,17.2,3.9,12.0,24.6
E07000205,Suffolk Coastal,"124,298",5.0,3.2,2.0,6.1,1.3,2.6,2.0,4.3,4.0,16.9,21.4,8.0,11.8,8.0,2.2,1.2,44.2,46,350,E12000006,East,Suffolk Coastal,98195,79234,79231,80.68,79226,79184,37218,41966,42,0,15,3,24,47.0,53.0,0.05,Suffolk Coastal,"102,401",21.1,13.5,16.7,4.1,11.3,29.0
E07000206,Waveney,"115,254",5.4,3.1,2.0,5.6,1.2,2.5,2.2,5.2,5.0,17.1,19.3,7.7,12.1,8.2,2.2,1.3,43.9,45,351,E12000006,East,Waveney,90391,65690,65687,72.67,65687,65646,24356,41290,41,0,11,0,30,37.1,62.9,0.06,Waveney,"95,369",29.8,14.2,16.2,5.4,11.7,17.9
E07000207,Elmbridge,"130,875",7.2,4.1,2.5,6.4,1.2,2.5,1.8,3.9,4.6,22.6,21.0,5.9,8.1,5.6,1.8,1.0,39.8,40,352,E12000008,South East,Elmbridge,98613,77069,77063,78.14,77058,77003,45841,31162,55,0,16,3,36,59.53,40.47,0.07,Elmbridge,"103,005",13.2,10.1,13.9,2.2,11.1,43.9
E07000208,Epsom and Ewell,"75,102",6.2,3.6,2.3,6.3,1.3,2.6,2.3,5.6,5.3,21.2,20.3,6.3,8.5,5.7,1.7,0.9,40.0,40,353,E12000008,South East,Epsom and Ewell,56382,45348,45343,80.42,45343,45303,23596,21707,40,0,11,5,24,52.08,47.92,0.09,Epsom and Ewell,"60,371",15.8,12.2,15.7,2.9,12.1,36.0
E07000209,Guildford,"137,183",5.9,3.4,2.1,5.4,1.1,2.2,3.2,8.2,6.8,21.0,19.3,5.8,7.9,5.3,1.5,0.9,39.0,38,354,E12000008,South East,Guildford,102209,78672,78671,76.96,78657,78613,44155,34458,44,0,19,6,19,56.17,43.83,0.06,Guildford,"112,589",14.2,10.7,13.5,2.8,14.2,39.5
E07000210,Mole Valley,"85,375",5.4,3.3,2.2,6.3,1.3,2.7,1.9,4.2,4.4,18.9,21.9,6.9,10.4,7.2,2.0,1.1,42.7,44,355,E12000008,South East,Mole Valley,66730,54832,54830,82.17,54829,54796,29088,25708,33,0,11,0,22,53.08,46.92,0.06,Mole Valley,"69,580",16.0,11.7,16.1,2.8,11.3,37.9
E07000211,Reigate and Banstead,"137,835",6.6,3.6,2.3,6.0,1.2,2.4,2.0,5.1,5.9,22.1,20.2,6.1,8.1,5.6,1.8,1.0,39.9,40,356,E12000008,South East,Reigate and Banstead,103731,81200,81200,78.28,81200,81161,40181,40980,39,1,9,1,28,49.51,50.49,0.05,Reigate and Banstead,"110,725",16.6,13.2,16.6,2.9,12.0,34.0
E07000212,Runnymede,"80,510",6.0,3.1,1.9,5.2,1.0,2.1,3.6,8.7,5.6,20.8,19.5,5.7,8.2,6.0,1.7,0.9,39.7,39,357,E12000008,South East,Runnymede,58272,44328,44326,76.07,44326,44294,20259,24035,32,0,10,2,20,45.74,54.26,0.07,Runnymede,"66,653",18.3,12.7,14.4,3.4,15.1,29.9
E07000213,Spelthorne,"95,598",6.3,3.3,2.1,5.4,1.2,2.4,2.1,5.4,6.2,21.7,20.6,5.9,8.9,6.1,1.6,0.8,40.4,41,358,E12000008,South East,Spelthorne,72674,56635,56639,77.93,56638,56609,22474,34135,29,0,13,2,14,39.7,60.3,0.05,Spelthorne,"78,089",20.4,16.1,16.1,3.9,11.4,25.9
E07000214,Surrey Heath,"86,144",6.0,3.7,2.3,6.3,1.3,2.7,2.0,4.9,5.3,21.3,21.5,6.1,8.9,5.7,1.4,0.7,40.2,41,359,E12000008,South East,Surrey Heath,65569,52330,52330,79.81,52330,52305,25638,26667,25,0,8,1,16,49.02,50.98,0.05,Surrey Heath,"69,302",15.0,13.5,16.3,3.5,12.2,34.5
E07000215,Tandridge,"82,998",5.9,3.5,2.2,6.5,1.3,2.7,2.0,4.8,4.7,19.6,21.6,6.8,9.5,6.2,1.7,1.1,41.3,43,360,E12000008,South East,Tandridge,64044,51468,51466,80.36,51466,51420,24251,27169,46,0,16,0,30,47.16,52.84,0.09,Tandridge,"66,922",17.1,13.4,17.5,2.9,12.3,33.0
E07000216,Waverley,"121,572",6.0,3.7,2.3,6.4,1.4,2.9,2.2,4.2,4.3,19.8,20.6,6.6,9.8,6.6,1.9,1.2,41.5,42,361,E12000008,South East,Waverley,92291,75999,75999,82.35,75999,75942,44341,31601,57,0,19,1,37,58.39,41.61,0.08,Waverley,"97,478",15.2,10.3,15.1,2.9,12.2,40.1
E07000217,Woking,"99,198",7.3,3.8,2.3,5.6,1.2,2.3,1.9,5.0,6.9,23.8,19.5,5.5,7.4,5.2,1.5,0.8,38.7,38,362,E12000008,South East,Woking,71313,55261,55261,77.49,55261,55221,31007,24214,40,0,18,1,21,56.15,43.85,0.07,Woking,"79,185",15.2,12.0,14.3,2.6,11.3,38.4
E07000218,North Warwickshire,"62,014",5.3,3.1,2.1,6.0,1.2,2.5,2.2,5.2,5.3,19.5,22.1,7.2,10.5,5.7,1.5,0.7,41.7,43,363,E12000005,West Midlands,North Warwickshire,49790,37975,37975,76.27,37975,37954,12569,25385,21,0,9,0,12,33.12,66.88,0.06,North Warwickshire,"51,049",27.9,15.3,16.8,4.1,11.9,19.8
E07000219,Nuneaton and Bedworth,"125,252",6.3,3.4,2.2,5.9,1.3,2.6,2.3,6.0,6.4,20.3,20.1,6.4,9.4,5.4,1.3,0.6,39.7,40,364,E12000005,West Midlands,Nuneaton and Bedworth,93978,69878,69876,74.35,69876,69831,23736,46095,45,0,20,2,23,33.99,66.01,0.06,Nuneaton and Bedworth,"101,244",28.0,15.6,16.4,4.8,11.6,18.6
E07000220,Rugby,"100,075",6.3,3.5,2.2,6.1,1.3,2.7,2.1,5.2,6.3,20.9,20.0,6.1,9.4,5.6,1.5,0.8,40.0,40,365,E12000005,West Midlands,Rugby,74137,58599,58593,79.03,58593,58549,25350,33199,44,0,13,2,29,43.3,56.7,0.08,Rugby,"80,689",19.6,13.3,16.0,5.3,11.7,28.2
E07000221,Stratford-on-Avon,"120,485",5.0,3.1,2.0,5.7,1.2,2.4,1.9,4.4,4.5,18.0,22.0,7.8,11.8,7.2,1.9,1.1,43.8,46,366,E12000005,West Midlands,Stratford-on-Avon,98014,79223,79217,80.82,79217,79158,38341,40817,59,0,9,0,50,48.44,51.56,0.07,Stratford-on-Avon,"100,042",19.3,12.0,15.6,3.6,11.7,33.4
E07000222,Warwick,"137,648",5.8,3.2,2.0,5.2,1.0,2.2,2.6,8.4,6.8,21.0,19.2,5.9,8.6,5.6,1.7,0.8,39.7,39,367,E12000005,West Midlands,Warwick,103099,81695,81695,79.22,81680,81618,47976,33642,62,0,33,0,29,58.78,41.22,0.08,Warwick,"114,051",16.4,10.1,12.7,3.3,14.4,38.4
E07000223,Adur,"61,182",5.8,3.1,2.0,5.2,1.3,2.5,2.1,4.9,5.1,19.4,19.8,7.0,11.0,7.7,2.2,1.1,43.0,44,368,E12000008,South East,Adur,48755,37253,37251,76.4,37251,37229,16914,20315,22,0,8,0,14,45.43,54.57,0.06,Adur,"50,579",25.6,15.9,16.5,4.4,11.2,22.0
E07000224,Arun,"149,518",4.9,2.8,1.9,5.0,1.1,2.1,2.1,5.0,4.9,17.0,19.4,7.6,12.9,9.1,2.8,1.6,45.5,47,369,E12000008,South East,Arun,117138,91203,91198,77.86,91199,91129,34193,56936,70,0,22,2,46,37.52,62.48,0.08,Arun,"126,164",24.9,14.2,16.8,4.0,11.6,22.8
E07000225,Chichester,"113,794",5.0,3.0,2.0,5.4,1.1,2.1,2.5,5.4,4.5,16.5,20.5,7.5,12.1,8.6,2.4,1.3,44.5,46,370,E12000008,South East,Chichester,91659,71411,71406,77.91,71407,71337,35011,36326,70,3,27,1,39,49.08,50.92,0.1,Chichester,"95,161",19.5,11.6,15.9,3.4,12.8,32.4
E07000226,Crawley,"106,597",7.6,3.8,2.3,5.9,1.2,2.5,2.2,6.4,8.5,23.8,18.5,4.8,5.9,4.8,1.3,0.6,36.8,35,371,E12000008,South East,Crawley,73575,53884,53883,73.24,53884,53835,22388,31447,49,0,19,9,21,41.59,58.41,0.09,Crawley,"84,549",20.1,18.0,17.1,3.4,11.3,21.5
E07000227,Horsham,"131,301",5.4,3.3,2.2,6.5,1.3,2.7,2.0,4.3,4.5,19.2,22.2,6.9,10.0,6.6,1.8,1.0,42.1,44,372,E12000008,South East,Horsham,104270,85131,85133,81.65,85132,85088,43785,41303,44,2,16,5,21,51.46,48.54,0.05,Horsham,"106,758",16.3,13.3,17.8,3.4,12.7,32.6
E07000228,Mid Sussex,"139,860",6.0,3.6,2.3,6.3,1.3,2.6,1.9,4.6,5.4,20.4,20.9,6.6,9.2,6.2,1.7,1.1,41.0,42,373,E12000008,South East,Mid Sussex,108416,87588,87588,80.79,87588,87528,46471,41057,60,0,40,2,18,53.09,46.91,0.07,Mid Sussex,"112,755",14.8,13.4,17.3,3.4,13.2,33.6
E07000229,Worthing,"104,640",6.1,3.3,2.0,5.3,1.1,2.2,2.1,5.3,5.7,20.3,19.6,6.3,9.5,7.2,2.4,1.5,42.2,42,374,E12000008,South East,Worthing,81384,61420,61416,75.46,61416,61366,28851,32515,50,0,11,1,38,47.01,52.99,0.08,Worthing,"85,971",21.3,14.3,17.4,3.7,12.5,26.0
E07000234,Bromsgrove,"93,637",5.1,3.2,2.0,5.9,1.3,2.7,2.1,5.0,4.5,18.8,21.8,6.9,10.5,7.0,1.9,1.1,42.6,44,375,E12000005,West Midlands,Bromsgrove,74170,58855,58855,79.35,58855,58815,26252,32563,40,0,11,2,27,44.63,55.37,0.07,Bromsgrove,"77,107",21.3,12.8,15.8,4.1,11.7,30.5
E07000235,Malvern Hills,"74,631",4.4,2.9,2.0,6.0,1.4,2.9,2.1,4.2,3.9,16.0,21.8,8.2,12.4,8.0,2.4,1.2,44.9,47,376,E12000005,West Midlands,Malvern Hills,60217,48538,48538,80.61,48538,48497,23203,25294,41,0,10,0,31,47.84,52.16,0.08,Malvern Hills,"62,219",20.3,11.2,15.5,3.8,11.4,33.9
E07000236,Redditch,"84,214",6.7,3.6,2.2,5.9,1.2,2.6,2.2,6.1,7.1,21.3,20.2,6.7,8.0,4.3,1.2,0.6,38.6,38,377,E12000005,West Midlands,Redditch,61038,45914,45913,75.22,45912,45882,17303,28579,30,0,7,0,23,37.71,62.29,0.07,Redditch,"67,656",25.1,15.8,17.0,3.7,12.0,20.7
E07000237,Worcester,"98,768",6.4,3.5,2.2,5.5,1.1,2.4,3.2,7.5,7.2,21.7,19.0,5.6,7.8,5.0,1.3,0.7,38.3,37,378,E12000005,West Midlands,Worcester,73516,54293,54289,73.85,54290,54239,25125,29114,51,7,22,2,20,46.32,53.68,0.09,Worcester,"80,291",21.3,12.7,14.9,3.9,14.5,27.7
E07000238,Wychavon,"116,944",4.9,3.1,2.0,5.7,1.3,2.4,2.1,4.6,4.6,18.1,22.0,7.8,11.5,7.0,1.9,1.0,43.5,45,379,E12000005,West Midlands,Wychavon,94497,76428,76425,80.88,76425,76389,32188,44201,36,0,15,0,21,42.14,57.86,0.05,Wychavon,"97,039",22.1,13.1,15.6,4.0,11.6,28.7
E07000239,Wyre Forest,"97,975",5.4,3.0,2.0,5.5,1.2,2.3,2.2,5.2,5.4,18.9,20.0,8.0,11.8,6.5,1.7,0.9,42.7,44,380,E12000005,West Midlands,Wyre Forest,77878,57668,57666,74.05,57666,57632,21240,36392,34,0,6,0,28,36.85,63.15,0.06,Wyre Forest,"81,190",27.8,14.2,16.1,3.8,11.4,22.1
E08000001,Bolton,"276,786",6.8,3.8,2.3,6.4,1.3,2.7,2.5,6.5,6.6,20.5,19.1,6.1,8.5,4.9,1.3,0.6,38.4,38,34,E12000002,North West,Bolton,197109,138206,138180,70.1,138180,138080,57589,80491,100,2,43,2,53,41.71,58.29,0.07,Bolton,"219,710",26.3,14.2,15.8,4.3,12.0,22.2
E08000002,Bury,"185,060",6.6,3.7,2.3,6.1,1.3,2.6,2.3,5.8,6.3,20.5,20.1,6.3,8.8,5.2,1.3,0.7,39.2,40,35,E12000002,North West,Bury,141600,101153,101144,71.43,101144,101028,46354,54674,116,0,34,10,72,45.88,54.12,0.11,Bury,"147,935",22.6,14.1,17.2,3.5,12.3,25.7
E08000003,Manchester,"503,127",7.2,3.6,2.1,5.3,1.1,2.1,4.4,13.3,11.2,22.1,14.3,3.6,4.9,3.3,0.8,0.4,33.2,29,36,E12000002,North West,Manchester,338064,202073,202067,59.77,202067,201814,121823,79991,253,0,78,0,175,60.36,39.64,0.13,Manchester,"405,709",23.1,11.1,12.0,1.7,16.0,28.9
E08000004,Oldham ,"224,897",7.3,4.2,2.7,6.8,1.4,2.7,2.6,6.5,6.7,20.0,18.7,5.7,8.1,4.7,1.2,0.6,37.4,37,37,E12000002,North West,Oldham,158084,107493,107493,68.0,107493,107403,42034,65369,90,0,24,2,64,39.14,60.86,0.08,Oldham ,"174,438",29.6,14.6,15.8,4.2,11.7,18.6
E08000005,Rochdale,"211,699",7.0,3.9,2.3,6.6,1.4,2.8,2.6,6.6,6.7,20.3,19.4,5.9,7.9,4.9,1.2,0.6,37.9,38,38,E12000002,North West,Rochdale,156621,103319,103319,65.97,103319,103231,41217,62014,88,0,48,2,38,39.93,60.07,0.09,Rochdale,"166,916",28.7,14.7,16.4,3.7,11.7,19.4
E08000006,Salford,"233,933",6.9,3.5,2.1,5.5,1.2,2.4,2.8,8.4,9.0,20.9,17.8,5.3,7.5,4.8,1.3,0.6,37.4,35,39,E12000002,North West,Salford,173668,109926,109926,63.3,109926,109815,47430,62385,111,0,34,4,73,43.19,56.81,0.1,Salford,"188,780",27.1,13.9,15.4,3.4,12.6,22.3
E08000007,Stockport,"283,275",6.1,3.4,2.1,5.9,1.3,2.5,2.2,5.4,5.6,20.1,20.8,6.4,9.4,6.3,1.6,0.8,40.8,41,40,E12000002,North West,Stockport,221162,163586,163584,73.97,163584,163489,85559,77930,95,0,27,4,64,52.33,47.67,0.06,Stockport,"229,822",20.6,13.5,16.0,4.0,12.1,29.8
E08000008,Tameside,"219,324",6.6,3.5,2.2,5.9,1.3,2.6,2.5,6.3,6.5,20.5,20.2,6.3,8.7,5.0,1.3,0.6,39.1,39,41,E12000002,North West,Tameside,168047,111018,111016,66.06,111016,110947,43118,67829,69,0,14,5,50,38.86,61.14,0.06,Tameside,"176,616",28.1,16.1,17.3,4.5,12.1,17.5
E08000009,Trafford,"226,578",6.6,3.8,2.4,6.2,1.3,2.6,2.1,5.2,6.1,21.7,20.4,5.7,8.1,5.7,1.5,0.7,39.3,39,42,E12000002,North West,Trafford,165294,125400,125400,75.86,125400,125311,72293,53018,89,0,23,5,61,57.69,42.31,0.07,Trafford,"180,754",18.6,12.4,15.8,3.4,11.7,33.8
E08000010,Wigan,"317,849",6.2,3.5,2.2,5.7,1.3,2.5,2.4,6.1,6.3,20.8,20.1,6.7,9.5,5.0,1.2,0.5,39.6,40,43,E12000002,North West,Wigan,235982,163381,163381,69.23,163381,163273,58942,104331,108,7,32,2,67,36.1,63.9,0.07,Wigan,"257,825",27.3,15.3,17.1,4.7,12.2,19.5
E08000011,Knowsley ,"145,893",6.3,3.5,2.2,6.3,1.4,2.8,2.7,6.7,6.3,18.8,21.6,5.6,8.2,6.0,1.2,0.5,39.1,40,44,E12000002,North West,Knowsley,111647,70939,70937,63.54,70937,70903,34345,36558,34,4,14,1,15,48.44,51.56,0.05,Knowsley ,"117,225",34.7,15.2,16.1,3.4,11.8,15.5
E08000012,Liverpool,"466,415",5.6,2.9,1.9,5.2,1.2,2.3,3.9,10.9,8.6,19.7,18.6,5.2,7.3,5.1,1.1,0.5,37.7,35,45,E12000002,North West,Liverpool,317924,203733,203728,64.08,203728,203554,118453,85101,174,0,60,4,110,58.19,41.81,0.09,Liverpool,"388,315",28.7,12.5,14.2,2.5,15.2,22.4
E08000013,St. Helens,"175,308",5.9,3.2,2.0,5.8,1.2,2.5,2.5,6.0,6.0,19.5,20.4,7.0,10.0,5.9,1.4,0.6,40.7,41,46,E12000002,North West,St. Helens,136096,93730,93721,68.86,93721,93679,39322,54357,42,0,13,3,26,41.98,58.02,0.04,St. Helens,"143,372",27.9,14.3,16.7,4.4,12.1,20.9
E08000014,Sefton,"273,790",5.3,3.0,2.0,5.7,1.2,2.5,2.3,5.8,5.4,17.4,21.6,6.7,10.5,7.6,1.8,0.9,42.5,44,47,E12000002,North West,Sefton,206298,147970,147970,71.73,147970,147878,76702,71176,92,0,26,0,66,51.87,48.13,0.06,Sefton,"226,435",25.1,14.0,16.6,3.9,12.5,24.1
E08000015,Wirral,"319,783",5.8,3.4,2.2,5.9,1.3,2.6,2.3,5.7,5.6,18.4,21.0,6.8,9.8,6.7,1.7,0.9,41.4,42,48,E12000002,North West,Wirral,242568,172137,172137,70.96,172137,172000,88931,83069,137,0,31,4,102,51.7,48.3,0.08,Wirral,"260,498",23.4,13.7,17.3,4.2,12.5,25.3
E08000016,Barnsley,"231,221",6.0,3.4,2.1,5.8,1.3,2.5,2.4,5.9,6.2,19.8,20.9,6.4,9.5,5.7,1.4,0.6,40.4,41,49,E12000003,Yorkshire and The Humber,Barnsley,175809,122982,122972,69.95,122972,122909,38951,83958,63,0,17,1,45,31.69,68.31,0.05,Barnsley,"188,335",32.3,14.3,16.2,4.1,11.3,17.4
E08000017,Doncaster,"302,402",6.4,3.5,2.2,5.8,1.3,2.6,2.4,6.4,6.7,19.3,20.5,6.2,9.0,5.8,1.4,0.7,39.8,40,50,E12000003,Yorkshire and The Humber,Doncaster,217432,151254,151246,69.56,151246,151182,46922,104260,64,0,19,0,45,31.04,68.96,0.04,Doncaster,"244,909",30.3,15.4,17.0,4.5,10.7,17.0
E08000018,Rotherham ,"257,280",6.1,3.5,2.2,6.1,1.2,2.6,2.4,5.9,6.0,19.4,20.6,6.5,9.6,5.7,1.4,0.7,40.2,41,51,E12000003,Yorkshire and The Humber,Rotherham,197623,137478,137474,69.56,137470,137387,44115,93272,83,0,30,4,49,32.11,67.89,0.06,Rotherham ,"208,018",29.8,15.5,16.8,4.4,11.5,17.4
E08000019,Sheffield,"552,698",6.1,3.4,2.1,5.5,1.1,2.3,4.3,10.2,7.0,20.0,17.4,5.2,8.1,5.3,1.4,0.8,37.9,36,52,E12000003,Yorkshire and The Humber,Sheffield,396406,266954,266951,67.34,266951,266753,130735,136018,198,0,76,6,116,49.01,50.99,0.07,Sheffield,"452,014",24.3,12.3,13.7,3.6,15.8,25.7
E08000021,Gateshead,"200,214",5.9,3.2,2.0,5.4,1.2,2.4,2.5,6.0,7.0,20.2,20.2,6.3,9.3,6.2,1.4,0.7,40.5,40,54,E12000001,North East,Newcastle upon Tyne,190735,129072,129072,67.67,129072,129003,65405,63598,69,0,20,5,44,50.7,49.3,0.05,Gateshead,"164,716",28.0,14.3,15.5,5.2,11.3,21.5
E08000022,Newcastle upon Tyne,"280,177",5.9,3.0,2.0,5.2,1.0,2.2,4.8,12.9,8.2,18.5,17.5,5.0,6.9,4.9,1.3,0.7,36.9,33,55,E12000001,North East,North Tyneside,156993,113527,113507,72.3,113507,113462,52873,60589,45,0,17,3,25,46.6,53.4,0.04,Newcastle upon Tyne,"232,203",23.6,11.3,12.5,3.4,17.1,27.2
E08000023,North Tyneside,"200,801",5.8,3.3,2.0,5.4,1.2,2.3,2.2,5.4,6.2,20.7,21.3,6.5,9.0,6.2,1.6,0.8,40.9,41,56,E12000001,North East,South Tyneside,115893,79126,79117,68.27,79117,79079,30014,49065,38,0,10,1,27,37.95,62.05,0.05,North Tyneside,"165,088",23.7,14.0,16.1,5.3,11.9,25.3
E08000024,South Tyneside,"148,127",5.5,3.1,2.0,5.6,1.3,2.5,2.6,6.4,6.0,18.5,21.9,6.5,9.2,6.5,1.7,0.7,41.2,42,57,E12000001,North East,Sunderland,207221,134404,134400,64.86,134400,134324,51930,82394,76,0,13,2,61,38.66,61.34,0.06,South Tyneside,"122,200",28.0,14.6,16.2,6.1,12.0,19.2
E08000025,Sunderland,"275,506",5.6,3.1,2.0,5.6,1.2,2.5,2.8,7.2,6.2,19.2,21.2,6.5,9.1,6.0,1.3,0.6,40.4,41,58,E12000005,West Midlands,Birmingham,707293,451422,451336,63.81,451316,450702,223451,227251,614,0,311,17,286,49.58,50.42,0.14,Sunderland,"227,314",29.1,15.5,16.2,5.0,12.0,18.2
E08000026,Birmingham,"1,073,045",7.6,4.3,2.6,6.9,1.4,2.7,3.4,8.8,8.0,20.8,16.4,4.3,6.5,4.6,1.2,0.6,35.3,32,59,E12000005,West Midlands,Coventry,221389,153241,153234,69.21,153234,153064,67967,85097,170,0,85,0,85,44.4,55.6,0.11,Birmingham,"828,363",28.2,13.3,13.8,2.1,13.0,23.0
E08000027,Coventry,"316,960",7.1,3.6,2.2,5.6,1.3,2.4,4.0,9.7,7.8,20.1,16.8,4.8,7.6,4.9,1.4,0.7,36.8,34,60,E12000005,West Midlands,Dudley,244516,175351,175333,71.71,175333,175226,56780,118446,107,0,41,2,64,32.4,67.6,0.06,Coventry,"254,106",23.9,13.3,14.1,4.0,14.2,23.0
E08000028,Dudley ,"312,925",6.0,3.5,2.2,5.9,1.3,2.6,2.4,5.8,6.1,19.7,19.6,6.2,10.1,6.3,1.5,0.7,40.5,41,61,E12000005,West Midlands,Sandwell,221429,147428,147418,66.58,147418,147254,49004,98250,164,0,90,2,72,33.28,66.72,0.11,Dudley ,"253,421",30.0,14.3,16.7,3.5,11.9,19.2
E08000029,Sandwell ,"308,063",7.4,4.1,2.5,6.3,1.3,2.6,2.6,6.7,7.5,21.0,17.8,4.9,8.0,5.2,1.3,0.7,37.4,36,62,E12000005,West Midlands,Solihull,160425,122026,122017,76.06,122020,121950,53466,68484,70,0,25,0,45,43.84,56.16,0.06,Sandwell ,"241,829",35.2,14.4,14.7,2.7,10.4,15.4
E08000030,Solihull,"206,674",5.6,3.4,2.2,6.3,1.4,2.8,2.3,5.5,5.2,18.6,20.8,6.7,9.9,6.6,1.8,0.9,41.3,42,63,E12000005,West Midlands,Walsall,194729,135690,135684,69.68,135685,135579,43572,92007,106,0,59,3,44,32.14,67.86,0.08,Solihull,"167,493",22.7,13.6,16.1,3.4,11.7,28.5
E08000031,Walsall,"269,323",6.8,3.9,2.4,6.4,1.3,2.7,2.5,6.5,6.6,19.5,18.6,5.7,9.2,5.8,1.4,0.6,38.8,39,64,E12000005,West Midlands,Wolverhampton,174760,118038,118037,67.54,118037,117936,44138,73798,101,0,45,7,49,37.43,62.57,0.09,Walsall,"213,123",33.7,14.6,15.3,3.0,10.8,16.9
E08000032,Wolverhampton,"249,470",6.7,3.6,2.2,6.1,1.3,2.7,2.7,7.2,7.2,20.6,18.3,5.2,8.2,5.8,1.5,0.7,38.5,37,65,E12000003,Yorkshire and The Humber,Bradford,342817,228729,228729,66.72,228727,228488,104575,123913,239,0,121,5,113,45.77,54.23,0.1,Wolverhampton,"200,047",31.2,14.1,14.9,2.7,10.6,19.5
E08000033,Bradford,"522,452",7.9,4.4,2.8,6.9,1.4,2.7,2.6,6.8,7.4,20.8,17.8,5.1,6.8,4.7,1.2,0.6,36.2,34,66,E12000003,Yorkshire and The Humber,Calderdale,149195,106005,106008,71.05,106004,105925,46950,58975,79,0,22,15,42,44.32,55.68,0.07,Bradford,"400,121",27.7,14.1,14.8,3.8,11.3,21.8
E08000034,Calderdale,"203,826",6.3,3.6,2.2,6.2,1.3,2.5,2.3,5.6,5.9,20.6,20.8,6.5,8.6,5.2,1.4,0.7,39.6,40,67,E12000003,Yorkshire and The Humber,Kirklees,307081,217460,217449,70.8,217428,217240,98485,118755,188,0,86,7,95,45.33,54.67,0.09,Calderdale,"163,645",23.8,13.6,16.2,4.9,12.3,25.0
E08000035,Kirklees ,"422,458",6.7,3.8,2.4,6.2,1.3,2.5,2.7,6.8,6.5,20.6,19.2,6.1,8.3,5.0,1.3,0.6,38.4,38,68,E12000003,Yorkshire and The Humber,Leeds,543033,387730,387730,71.39,387677,387337,194863,192474,340,39,116,8,177,50.31,49.69,0.09,Kirklees ,"336,309",25.4,13.2,15.0,4.8,12.6,23.9
E08000036,Leeds,"751,485",6.4,3.4,2.0,5.3,1.2,2.3,3.6,9.6,8.0,20.7,17.7,5.3,7.5,5.1,1.3,0.7,37.6,35,69,E12000003,Yorkshire and The Humber,Wakefield,246096,175261,175259,71.17,175155,175042,58877,116165,113,0,46,4,63,33.64,66.36,0.06,Leeds,"613,992",23.2,12.6,14.1,3.7,14.7,26.9
E08000037,Wakefield,"325,837",6.0,3.4,2.1,5.8,1.3,2.6,2.3,6.0,6.4,20.0,20.8,6.5,9.3,5.6,1.4,0.7,40.2,41,53,E12000001,North East,Gateshead,145866,103009,103007,70.62,103007,102958,44429,58529,49,0,13,3,33,43.15,56.85,0.05,Wakefield,"265,797",31.1,14.6,16.1,4.4,10.6,18.3
E09000001,City of London,"7,375",3.2,1.6,0.9,2.3,0.4,1.0,1.2,7.4,13.0,27.7,21.0,6.3,8.0,4.5,1.0,0.6,41.4,39,1,E12000007,London,City of London,5987,4405,4405,73.58,4405,4399,3312,1087,6,0,2,0,4,75.29,24.71,0.14,City of London,"6,755",6.7,4.3,6.6,0.7,7.2,68.4
E09000002,Barking and Dagenham,"185,911",10.0,4.8,2.9,6.9,1.4,2.8,2.6,7.0,8.1,23.4,16.1,3.7,5.0,3.8,1.1,0.5,33.4,32,2,E12000007,London,Barking and Dagenham,115812,73943,73941,63.85,73941,73880,27750,46130,61,0,21,0,40,37.56,62.44,0.08,Barking and Dagenham,"137,613",27.9,15.2,15.0,2.1,9.3,20.9
E09000003,Barnet,"356,386",7.4,3.9,2.4,6.0,1.2,2.5,2.1,6.7,8.8,23.5,17.5,4.7,6.7,4.5,1.3,0.8,36.8,35,3,E12000007,London,Barnet,223467,161209,161208,72.14,161218,161033,100210,60823,185,0,54,12,119,62.23,37.77,0.11,Barnet,"282,152",15.5,9.7,12.1,1.3,10.2,40.3
E09000004,Bexley,"231,997",6.5,3.7,2.4,6.5,1.4,2.8,2.5,6.4,6.1,20.3,19.8,5.5,8.1,5.8,1.5,0.7,38.8,39,4,E12000007,London,Bexley,170779,128571,128570,75.28,128570,128489,47603,80886,81,5,35,0,41,37.05,62.95,0.06,Bexley,"184,431",23.0,16.8,17.7,3.8,11.6,21.8
E09000005,Brent,"311,215",7.2,3.7,2.3,5.8,1.2,2.4,2.3,7.8,11.1,24.5,17.2,3.9,5.8,3.6,0.8,0.4,35.0,32,5,E12000007,London,Brent,186793,121676,121678,65.14,121671,121404,72523,48881,267,0,157,0,110,59.74,40.26,0.22,Brent,"248,458",19.2,10.4,10.9,1.2,9.7,33.3
E09000006,Bromley,"309,392",6.5,3.6,2.2,6.0,1.2,2.6,2.0,5.2,5.8,22.0,20.1,6.0,8.3,6.0,1.6,0.9,39.9,40,6,E12000007,London,Bromley,231473,182570,182570,78.87,182570,182432,92398,90034,138,0,43,0,95,50.65,49.35,0.08,Bromley,"248,806",17.9,13.6,16.1,2.7,11.5,33.1
E09000007,Camden,"220,338",6.0,3.1,1.9,4.4,0.8,1.6,3.3,9.9,11.8,27.0,15.2,4.2,5.9,3.6,0.9,0.5,35.7,33,7,E12000007,London,Camden,145425,95288,95282,65.52,95281,95133,71295,23838,148,0,54,8,86,74.94,25.06,0.16,Camden,"184,873",12.7,6.8,7.8,0.8,12.1,50.5
E09000008,Croydon,"363,378",7.7,4.0,2.4,6.4,1.4,2.7,2.4,6.5,7.6,22.7,19.4,4.7,6.4,4.2,1.1,0.6,36.4,35,8,E12000007,London,Croydon,245349,171295,171292,69.81,171289,171134,92913,78221,155,0,73,5,77,54.29,45.71,0.09,Croydon,"284,268",17.6,13.8,15.2,2.1,11.4,31.8
E09000009,Ealing,"338,449",7.5,3.7,2.3,5.6,1.2,2.3,2.0,7.3,10.0,25.8,17.3,4.2,5.7,3.6,0.9,0.5,35.4,33,9,E12000007,London,Ealing,212991,149267,149267,70.08,149268,149041,90024,59017,227,0,115,3,109,60.4,39.6,0.15,Ealing,"269,572",16.5,9.9,10.5,1.4,9.6,37.0
E09000010,Enfield,"312,466",7.8,4.2,2.5,6.5,1.4,2.7,2.5,7.0,8.0,22.5,18.2,4.4,6.5,4.2,1.1,0.6,35.9,34,10,E12000007,London,Enfield,198387,137054,137056,69.09,137056,136906,76425,60481,150,0,69,1,80,55.82,44.18,0.11,Enfield,"242,465",23.0,12.9,13.8,1.9,10.5,28.7
E09000011,Greenwich,"254,557",8.2,4.1,2.3,5.9,1.2,2.3,2.7,7.9,8.7,25.8,16.6,4.0,5.4,3.4,1.0,0.5,34.6,33,11,E12000007,London,Greenwich,168967,117470,117472,69.52,117470,117365,65248,52117,105,0,35,1,69,55.59,44.41,0.09,Greenwich,"199,163",20.6,12.0,13.1,1.9,10.7,33.2
E09000012,Hackney,"246,270",7.8,3.9,2.3,5.6,1.1,2.1,2.2,8.8,13.7,27.9,14.4,3.0,3.9,2.3,0.5,0.3,32.4,30,12,E12000007,London,Hackney,163284,106422,106422,65.18,106422,106266,83398,22868,156,7,44,35,70,78.48,21.52,0.15,Hackney,"195,145",19.6,9.0,10.0,1.0,9.3,41.8
E09000013,Hammersmith and Fulham,"182,493",6.5,3.0,1.7,4.2,0.8,1.6,1.9,9.5,14.3,29.0,14.9,3.7,5.0,2.9,0.7,0.4,34.7,32,13,E12000007,London,Hammersmith and Fulham,114863,80351,80350,69.95,80347,80242,56188,24054,105,0,32,8,65,70.02,29.98,0.13,Hammersmith and Fulham,"152,863",12.8,7.0,8.3,1.2,10.7,49.6
E09000014,Haringey,"254,926",7.1,3.8,2.3,6.0,1.2,2.2,2.2,7.4,11.0,28.0,16.4,3.6,4.9,2.9,0.6,0.3,34.2,32,14,E12000007,London,Haringey,150098,106043,106034,70.64,106032,105846,79991,25855,186,0,71,0,115,75.57,24.43,0.18,Haringey,"202,856",17.8,8.7,10.1,1.0,9.6,40.8
E09000015,Harrow,"239,056",6.7,3.8,2.3,6.1,1.3,2.8,2.2,6.7,8.1,22.3,18.6,5.0,7.3,4.9,1.2,0.7,37.6,36,15,E12000007,London,Harrow,162397,117363,117361,72.26,117352,117225,64042,53183,127,0,50,6,71,54.63,45.37,0.11,Harrow,"190,998",16.8,10.9,12.8,1.7,10.4,36.8
E09000016,Havering,"237,232",5.8,3.4,2.1,6.1,1.3,2.7,2.4,6.3,6.2,19.5,20.2,6.1,8.7,6.6,1.8,0.8,40.4,40,16,E12000007,London,Havering,183082,139179,139176,76.02,139175,139086,42201,96885,89,1,25,1,62,30.34,69.66,0.06,Havering,"192,844",26.4,16.7,17.4,3.8,11.3,19.4
E09000017,Hillingdon,"273,936",7.2,3.8,2.3,6.2,1.2,2.6,3.1,8.0,7.6,22.3,18.0,4.7,6.6,4.5,1.1,0.6,36.4,35,17,E12000007,London,Hillingdon,193033,133171,133171,68.99,133170,133022,58040,74982,148,0,55,16,77,43.63,56.37,0.11,Hillingdon,"217,043",19.1,14.0,14.2,2.9,12.5,28.0
E09000018,Hounslow,"253,957",7.8,3.7,2.2,5.5,1.2,2.3,2.3,7.3,10.3,25.5,17.1,4.3,5.7,3.5,0.9,0.4,35.2,33,18,E12000007,London,Hounslow,165050,115211,115209,69.8,115208,115076,58755,56321,132,0,39,6,87,51.06,48.94,0.11,Hounslow,"202,424",17.3,11.7,11.5,1.7,9.8,34.6
E09000019,Islington,"206,125",6.0,2.9,1.8,4.4,0.9,1.7,2.6,9.9,14.4,27.9,15.3,3.5,4.8,2.9,0.7,0.3,34.5,31,19,E12000007,London,Islington,144514,101739,101726,70.39,101723,101600,76420,25180,123,0,47,2,74,75.22,24.78,0.12,Islington,"173,300",17.0,8.0,8.4,1.0,9.8,48.1
E09000020,Kensington and Chelsea,"158,649",5.8,3.0,1.8,4.1,0.7,1.5,1.9,7.1,10.5,28.5,18.0,5.2,6.9,3.6,1.0,0.6,37.8,36,20,E12000007,London,Kensington and Chelsea,83042,54803,54801,65.99,54801,54739,37601,17138,62,0,14,2,46,68.69,31.31,0.11,Kensington and Chelsea,"134,267",10.1,5.8,7.9,0.7,10.0,52.7
E09000021,Kingston upon Thames,"160,060",6.8,3.5,2.1,5.3,1.1,2.1,2.9,8.4,7.7,24.3,17.9,5.0,6.4,4.2,1.3,0.8,37.0,35,21,E12000007,London,Kingston upon Thames,108838,85334,85335,78.4,85330,85270,52533,32737,60,0,16,3,41,61.61,38.39,0.07,Kingston upon Thames,"129,790",13.4,9.8,12.2,2.0,13.5,41.4
E09000022,Lambeth,"303,086",6.8,3.4,2.0,4.9,1.0,1.8,1.8,8.8,14.2,28.8,15.8,3.0,4.2,2.5,0.6,0.3,33.7,31,22,E12000007,London,Lambeth,210800,142162,142162,67.44,142162,141924,111584,30340,238,0,104,0,134,78.62,21.38,0.17,Lambeth,"248,300",14.2,8.5,9.8,1.1,9.7,46.6
E09000023,Lewisham,"275,885",8.0,3.8,2.2,5.5,1.2,2.3,2.4,7.6,9.6,27.1,17.3,3.5,4.9,3.3,0.8,0.4,34.6,33,23,E12000007,London,Lewisham,197514,124634,124622,63.1,124637,124473,86955,37518,164,0,61,1,102,69.86,30.14,0.13,Lewisham,"218,749",17.7,11.1,12.5,1.4,10.8,38.0
E09000024,Merton,"199,693",7.4,3.6,2.1,5.2,1.1,2.2,1.9,6.2,10.0,26.9,17.4,4.4,5.9,4.0,1.1,0.6,36.3,34,24,E12000007,London,Merton,136352,100215,100207,73.49,100207,100100,63003,37097,107,0,45,0,62,62.94,37.06,0.11,Merton,"160,840",15.2,9.9,11.7,1.7,9.9,41.1
E09000025,Newham,"307,984",8.2,4.2,2.6,6.4,1.3,2.6,2.7,10.6,13.1,24.9,14.0,2.8,3.7,2.2,0.5,0.2,31.3,29,25,E12000007,London,Newham,176985,104869,104861,59.25,104864,104699,55328,49371,165,9,87,0,69,52.84,47.16,0.16,Newham,"238,090",20.6,11.4,11.2,1.0,9.9,30.1
E09000026,Redbridge,"278,970",7.8,4.1,2.6,6.7,1.3,2.7,2.4,6.8,8.5,23.0,17.6,4.5,6.0,4.1,1.2,0.6,35.6,34,26,E12000007,London,Redbridge,189843,128439,128423,67.63,128397,128233,69213,59020,164,0,78,3,83,53.97,46.03,0.13,Redbridge,"216,112",18.5,12.2,13.1,1.7,10.3,33.9
E09000027,Richmond upon Thames,"186,990",7.5,3.7,2.2,5.3,1.1,1.9,1.9,4.9,6.7,26.4,19.5,5.4,7.0,4.4,1.3,0.8,38.3,38,27,E12000007,London,Richmond upon Thames,132632,108892,108888,82.09,108876,108806,75396,33410,70,0,26,2,42,69.29,30.71,0.06,Richmond upon Thames,"150,052",10.6,7.4,10.6,1.5,10.6,53.0
E09000028,Southwark,"288,283",7.2,3.4,2.0,4.9,1.0,2.0,2.5,9.4,12.4,27.9,16.4,3.1,4.2,2.6,0.7,0.3,33.7,32,28,E12000007,London,Southwark,195875,129688,129680,66.2,129677,129502,94293,35209,175,0,60,5,110,72.81,27.19,0.13,Southwark,"234,901",16.3,9.4,10.2,1.1,10.5,43.1
E09000029,Sutton,"190,146",6.7,3.6,2.2,6.1,1.3,2.7,2.1,5.6,6.9,23.4,19.6,5.5,7.2,5.0,1.4,0.7,38.3,38,29,E12000007,London,Sutton,140288,106633,106630,76.01,106633,106560,49319,57241,73,0,25,7,41,46.28,53.72,0.07,Sutton,"152,158",18.6,14.2,16.1,2.9,11.8,30.1
E09000030,Tower Hamlets,"254,096",7.4,3.8,2.3,5.2,1.0,1.9,2.8,12.1,15.8,27.6,11.5,2.3,3.2,2.2,0.5,0.2,30.9,29,30,E12000007,London,Tower Hamlets,167820,108421,108403,64.6,108420,108235,73011,35224,185,0,105,6,74,67.46,32.54,0.17,Tower Hamlets,"203,953",20.0,9.3,8.7,0.9,10.1,41.0
E09000031,Waltham Forest,"258,249",8.1,4.0,2.4,5.7,1.2,2.4,2.3,8.0,10.3,25.4,16.6,3.8,5.2,3.3,0.9,0.5,34.4,32,31,E12000007,London,Waltham Forest,162983,108695,108689,66.69,108689,108551,64156,44395,138,4,44,9,81,59.1,40.9,0.13,Waltham Forest,"203,131",20.8,12.3,12.7,1.7,10.0,30.0
E09000032,Wandsworth,"306,995",7.1,3.0,1.7,4.1,0.7,1.5,1.8,7.7,15.4,30.6,14.2,3.5,4.7,2.9,0.8,0.4,34.5,32,32,E12000007,London,Wandsworth,219521,158018,158018,71.98,158018,157884,118463,39421,134,0,55,0,79,75.03,24.97,0.08,Wandsworth,"255,989",11.6,6.6,8.4,1.0,10.0,53.6
E09000033,Westminster,"219,396",5.8,2.8,1.7,3.9,0.7,1.5,2.3,8.0,12.5,29.2,16.2,4.2,6.0,3.7,0.9,0.5,36.7,34,33,E12000007,London,Westminster,120524,78325,78325,64.99,78325,78196,53928,24268,129,0,47,1,81,68.97,31.03,0.16,Westminster,"186,812",12.8,6.6,7.8,0.8,9.2,50.3
