Area_Code,Area,Count_Persons,Pct_0-4,Pct_5-7,Pct_8-9,Pct_10-14,Pct_15,Pct_16-17,Pct_18-19,Pct_20-24,Pct_25-29,Pct_30-44,Pct_45-59,Pct_60-64,Pct_65-74,Pct_75-84,Pct_85-89,Pct_90p,Mean_age,Median_age
E06000001,Hartlepool UA,"92,028",6.2,3.5,2.2,6.1,1.4,2.8,2.7,6.5,6.1,18.3,21.0,6.3,8.9,6.1,1.4,0.6,39.8,40
E06000002,Middlesbrough UA,"138,412",6.8,3.7,2.2,6.1,1.3,2.7,3.3,8.4,7.1,18.4,19.6,5.4,7.8,5.3,1.2,0.6,37.8,37
E06000003,Redcar and Cleveland UA,"135,177",5.6,3.2,2.0,5.8,1.3,2.7,2.6,6.0,5.6,17.8,20.9,7.0,10.7,6.5,1.6,0.7,41.5,43
E06000004,Stockton-on-Tees UA,"191,610",6.4,3.6,2.2,6.0,1.2,2.7,2.8,6.6,6.6,19.6,20.7,6.1,8.4,5.4,1.3,0.5,39.1,39
E06000005,Darlington UA,"105,564",6.2,3.6,2.2,5.9,1.3,2.6,2.2,5.8,6.3,19.8,20.4,6.3,9.2,5.8,1.6,0.8,40.2,41
E06000006,Halton UA,"125,746",6.6,3.6,2.2,6.0,1.3,2.7,2.5,6.4,6.5,19.9,20.8,6.8,8.2,4.9,1.1,0.5,38.9,39
E06000007,Warrington UA,"202,228",6.1,3.5,2.3,6.1,1.3,2.6,2.3,6.0,6.2,20.9,20.8,6.2,9.0,5.1,1.2,0.6,39.5,40
E06000008,Blackburn with Darwen UA,"147,489",7.6,4.3,2.8,7.0,1.6,2.9,2.5,6.6,7.4,20.9,18.1,5.3,7.0,4.3,1.0,0.5,36.2,35
E06000009,Blackpool UA,"142,065",5.8,3.3,2.0,5.7,1.2,2.5,2.5,6.0,6.0,18.9,20.5,6.6,10.1,6.4,1.7,0.9,41.3,42
E06000010,"Kingston upon Hull, City of UA","256,406",6.8,3.4,2.0,5.4,1.2,2.5,3.1,9.4,7.9,20.3,18.6,5.4,7.1,5.0,1.2,0.6,37.5,36
E06000011,East Riding of Yorkshire UA,"334,179",4.9,3.0,2.0,5.6,1.3,2.5,2.4,4.7,4.5,18.1,21.7,8.1,11.6,7.1,1.8,0.9,43.5,45
E06000012,North East Lincolnshire UA,"159,616",6.3,3.5,2.1,5.8,1.3,2.6,2.6,6.6,6.3,18.7,20.2,6.4,9.2,6.1,1.5,0.8,40.2,41
E06000013,North Lincolnshire UA,"167,446",6.1,3.5,2.1,5.7,1.3,2.5,2.3,5.7,6.0,18.9,21.2,6.8,9.7,6.0,1.5,0.7,40.8,42
E06000014,York UA,"198,051",5.4,2.9,1.8,4.9,1.0,2.1,4.0,10.0,7.1,19.6,18.4,5.9,8.5,5.9,1.6,0.8,39.5,38
E06000015,Derby UA,"248,752",7.1,3.8,2.3,6.0,1.2,2.5,3.0,8.1,7.3,20.6,17.9,5.1,7.6,5.4,1.4,0.7,37.6,36
E06000016,Leicester UA,"329,839",7.4,3.9,2.4,6.1,1.2,2.6,3.6,10.7,9.0,20.7,16.9,4.3,5.7,3.9,1.1,0.5,34.8,31
E06000017,Rutland UA,"37,369",5.0,3.0,1.9,6.3,1.7,3.8,2.2,4.7,5.1,17.9,20.1,7.3,11.3,6.8,1.9,1.0,42.4,43
E06000018,Nottingham UA,"305,680",6.5,3.3,2.0,5.2,1.1,2.2,5.5,14.0,8.6,20.1,15.6,4.1,5.7,4.2,1.2,0.5,34.8,30
E06000019,"Herefordshire, County of UA","183,477",5.2,3.0,2.0,5.7,1.2,2.5,2.1,5.1,5.3,17.9,21.2,7.4,11.2,7.2,1.9,1.0,43.0,44
E06000020,Telford and Wrekin UA,"166,641",6.8,3.7,2.3,6.4,1.4,2.8,2.7,6.5,6.5,20.6,19.8,6.0,8.4,4.5,1.1,0.5,38.1,38
E06000021,Stoke-on-Trent UA,"249,008",6.9,3.6,2.1,5.7,1.1,2.5,2.8,7.7,7.3,20.0,18.8,5.9,8.4,5.3,1.3,0.6,38.5,38
E06000022,Bath and North East Somerset UA,"176,016",5.2,2.9,2.0,5.4,1.2,2.3,4.0,9.1,5.8,18.4,19.4,6.1,9.0,6.2,1.8,0.9,40.3,40
E06000023,"Bristol, City of UA","428,234",6.9,3.4,2.0,5.1,1.0,2.1,3.2,10.4,9.5,22.2,16.5,4.7,6.5,4.5,1.4,0.7,36.5,33
E06000024,North Somerset UA,"202,566",5.8,3.3,2.1,5.7,1.2,2.3,2.1,4.7,5.1,18.9,20.5,7.2,10.9,6.9,2.1,1.2,42.6,44
E06000025,South Gloucestershire UA,"262,767",6.1,3.4,2.1,6.0,1.3,2.6,2.7,5.9,5.9,20.5,20.4,6.0,9.1,5.6,1.4,0.7,39.8,40
E06000026,Plymouth UA,"256,384",6.0,3.1,1.9,5.3,1.2,2.3,3.4,9.5,7.4,19.0,18.7,5.9,8.6,5.5,1.4,0.8,39.0,38
E06000027,Torbay UA,"130,959",5.1,2.9,1.9,5.4,1.2,2.4,2.2,5.2,5.1,16.8,20.4,7.8,11.9,7.8,2.4,1.4,44.2,46
E06000028,Bournemouth UA,"183,491",5.6,2.6,1.6,4.6,0.9,1.9,3.3,9.3,8.1,21.3,17.4,5.6,8.0,6.3,2.1,1.3,40.0,38
E06000029,Poole UA,"147,645",5.7,3.2,2.0,5.4,1.2,2.4,2.3,5.5,5.9,19.5,19.9,6.7,9.9,7.2,2.1,1.2,42.1,42
E06000030,Swindon UA,"209,156",6.7,3.6,2.3,5.9,1.2,2.5,2.2,6.1,7.2,23.1,20.0,5.3,7.2,4.7,1.3,0.6,38.1,38
E06000031,Peterborough UA,"183,631",7.6,3.9,2.4,6.2,1.3,2.6,2.3,6.8,8.2,22.0,18.2,5.1,6.9,4.8,1.2,0.6,36.9,35
E06000032,Luton UA,"203,201",8.2,4.3,2.7,6.5,1.3,2.7,2.7,8.2,9.3,21.6,16.7,4.1,6.2,4.2,0.9,0.5,34.8,32
E06000033,Southend-on-Sea UA,"173,658",6.5,3.3,2.1,5.9,1.2,2.5,2.1,5.7,6.5,21.3,19.2,6.0,8.7,6.1,1.9,1.1,40.2,40
E06000034,Thurrock UA,"157,705",7.6,4.1,2.4,6.3,1.3,2.6,2.3,6.2,7.1,23.2,18.6,5.5,6.8,4.2,1.2,0.5,36.8,36
E06000035,Medway UA,"263,925",6.5,3.7,2.4,6.4,1.3,2.8,3.1,7.2,6.7,20.6,19.5,5.9,7.8,4.5,1.1,0.6,37.7,37
E06000036,Bracknell Forest UA,"113,205",7.1,3.7,2.2,6.3,1.4,2.8,2.1,5.6,6.8,23.5,20.7,5.2,6.6,4.2,1.1,0.6,37.4,37
E06000037,West Berkshire UA,"153,822",6.5,3.6,2.3,6.4,1.4,2.8,2.1,4.8,5.5,21.5,21.4,6.3,8.4,4.9,1.3,0.7,39.4,40
E06000038,Reading UA,"155,698",7.7,3.5,2.0,5.1,1.1,2.1,3.1,9.4,9.7,24.7,16.1,4.1,5.8,3.9,1.1,0.6,35.3,33
E06000039,Slough UA,"140,205",9.1,4.5,2.7,6.4,1.3,2.6,2.3,6.8,9.5,25.6,16.4,3.7,4.7,3.2,0.8,0.4,33.5,32
E06000040,Windsor and Maidenhead UA,"144,560",6.5,3.6,2.3,6.1,1.3,2.7,1.8,4.9,6.1,22.1,19.9,6.0,8.6,5.6,1.6,0.9,39.8,40
E06000041,Wokingham UA,"154,380",6.5,3.7,2.5,6.3,1.3,2.6,2.2,4.8,5.2,21.9,21.5,6.1,8.5,5.0,1.2,0.7,39.4,40
E06000042,Milton Keynes UA,"248,821",8.0,4.1,2.5,6.4,1.3,2.5,2.1,5.6,7.9,23.9,19.3,5.3,6.2,3.4,1.0,0.5,36.1,35
E06000043,Brighton and Hove UA,"273,369",5.5,3.0,1.9,4.9,1.0,2.0,3.6,10.3,8.4,24.0,17.7,4.7,6.4,4.5,1.4,0.8,37.4,35
E06000044,Portsmouth UA,"205,056",6.6,3.4,2.0,5.3,1.1,2.3,4.4,11.1,8.3,20.3,17.1,4.8,6.8,4.5,1.4,0.8,36.5,34
E06000045,Southampton UA,"236,882",6.5,3.1,1.9,4.9,1.1,2.0,4.5,12.4,9.2,20.6,16.2,4.6,6.5,4.5,1.3,0.7,36.1,32
E06000046,Isle of Wight UA,"138,265",4.6,2.9,1.9,5.8,1.3,2.5,2.1,4.9,4.8,16.8,20.6,8.0,12.4,7.8,2.4,1.3,44.4,46
E06000047,County Durham UA,"513,242",5.6,3.1,1.9,5.4,1.1,2.4,3.0,6.8,6.0,18.7,21.1,6.9,9.9,6.0,1.4,0.7,41.0,42
E06000048,Northumberland UA,"316,028",5.1,3.1,2.1,5.6,1.2,2.4,2.2,5.1,5.1,17.8,22.5,7.8,10.9,6.7,1.7,0.9,42.8,45
E06000049,Cheshire East UA,"370,127",5.5,3.3,2.1,5.8,1.2,2.5,2.3,5.0,5.1,19.5,21.4,7.1,10.3,6.4,1.7,0.9,42.0,43
E06000050,Cheshire West and Chester UA,"329,608",5.5,3.3,2.0,5.7,1.2,2.4,2.5,5.9,5.7,19.4,21.0,6.9,9.9,6.2,1.6,0.8,41.3,42
E06000051,Shropshire UA,"306,129",5.1,3.1,2.0,5.9,1.3,2.7,2.3,5.4,5.1,18.1,21.1,7.3,11.2,6.8,1.8,0.9,42.6,44
E06000052,Cornwall UA,"532,273",5.1,3.0,1.9,5.6,1.2,2.4,2.4,5.3,5.0,17.6,20.8,8.0,11.6,7.1,1.9,1.0,43.3,45
E06000053,Isles of Scilly UA,"2,203",4.8,3.0,1.8,5.2,1.0,0.3,1.2,5.0,6.1,19.4,21.4,7.8,12.3,7.5,1.7,1.5,44.7,46
E06000054,Wiltshire UA,"470,981",6.0,3.5,2.3,6.2,1.3,2.6,2.3,5.2,5.4,19.4,20.9,6.6,9.6,6.0,1.6,0.9,40.8,42
E06000055,Bedford UA,"157,479",6.4,3.6,2.3,6.3,1.4,2.7,2.5,6.1,6.4,20.9,19.6,5.9,8.1,5.5,1.5,0.7,38.9,39
E06000056,Central Bedfordshire UA,"254,381",6.3,3.6,2.3,6.1,1.3,2.6,2.1,5.3,5.7,21.1,21.5,6.4,8.6,5.2,1.2,0.6,39.6,40
E07000004,Aylesbury Vale,"174,137",6.5,3.7,2.3,6.5,1.4,2.7,2.1,5.0,5.7,21.3,21.5,6.2,8.2,4.9,1.2,0.7,39.1,40
E07000005,Chiltern,"92,635",5.9,3.8,2.5,6.8,1.4,2.7,1.9,4.0,4.0,18.5,22.3,6.8,10.1,6.6,1.8,0.9,41.6,44
E07000006,South Bucks,"66,867",5.9,3.4,2.3,6.1,1.2,2.6,2.0,4.7,5.1,19.0,21.9,6.4,9.8,6.7,1.8,1.0,41.8,43
E07000007,Wycombe,"171,644",6.5,3.8,2.4,6.3,1.3,2.6,2.4,6.1,6.2,21.2,19.6,5.8,8.5,5.3,1.3,0.7,38.9,39
E07000008,Cambridge,"123,867",5.4,2.6,1.5,4.0,0.9,2.0,5.4,14.6,10.8,22.2,14.8,4.0,5.6,4.1,1.4,0.8,35.6,31
E07000009,East Cambridgeshire,"83,818",6.6,3.7,2.3,5.7,1.2,2.4,1.8,4.9,5.8,21.8,20.1,6.5,9.0,5.8,1.5,0.8,40.2,40
E07000010,Fenland,"95,262",5.5,3.0,2.0,5.8,1.3,2.5,2.1,5.6,5.9,18.7,20.3,6.9,10.6,7.0,1.8,0.9,42.1,43
E07000011,Huntingdonshire,"169,508",6.0,3.5,2.3,6.1,1.3,2.5,2.3,5.6,5.8,20.8,21.0,6.7,9.1,5.0,1.3,0.7,39.9,41
E07000012,South Cambridgeshire,"148,755",6.3,3.7,2.4,6.1,1.3,2.5,2.0,4.8,5.4,21.5,20.8,6.6,8.8,5.5,1.5,0.8,40.1,41
E07000026,Allerdale,"96,422",5.1,2.9,2.0,5.7,1.2,2.6,2.2,4.8,5.0,18.2,21.7,7.9,11.3,6.9,1.7,0.9,43.1,45
E07000027,Barrow-in-Furness,"69,087",5.4,3.2,2.1,5.8,1.3,2.7,2.5,5.8,5.7,19.0,20.9,7.0,10.5,6.0,1.4,0.9,41.3,42
E07000028,Carlisle,"107,524",5.6,3.2,1.9,5.3,1.1,2.3,2.7,6.1,6.2,19.1,21.1,6.7,9.7,6.3,1.7,0.8,41.3,42
E07000029,Copeland,"70,603",5.2,3.1,2.0,5.5,1.2,2.5,2.3,5.4,5.6,18.6,22.3,7.4,10.5,6.3,1.4,0.7,42.1,44
E07000030,Eden,"52,564",4.5,3.1,1.9,5.6,1.3,2.2,2.2,4.6,4.4,17.5,22.5,8.3,12.0,7.2,1.9,0.9,44.1,46
E07000031,South Lakeland,"103,658",4.3,2.7,1.8,5.2,1.2,2.5,1.9,4.1,4.4,17.1,21.9,8.5,12.7,8.1,2.2,1.2,45.4,48
E07000032,Amber Valley,"122,309",5.2,3.1,2.1,5.9,1.2,2.6,2.2,5.1,5.3,19.9,21.3,7.5,10.2,5.9,1.6,0.9,41.8,43
E07000033,Bolsover,"75,866",5.6,3.3,2.0,5.8,1.3,2.6,2.3,5.6,6.0,20.0,20.6,6.6,9.9,5.9,1.5,0.8,41.0,42
E07000034,Chesterfield,"103,788",5.6,3.0,1.9,5.8,1.3,2.6,2.3,5.6,5.8,19.8,21.0,6.7,9.7,6.2,1.8,0.8,41.4,42
E07000035,Derbyshire Dales,"71,116",4.3,3.0,2.1,5.9,1.2,2.4,2.0,4.2,3.8,16.9,23.2,8.5,12.0,7.2,2.0,1.1,44.5,47
E07000036,Erewash,"112,081",5.8,3.2,2.1,5.5,1.3,2.6,2.3,6.0,5.7,20.4,20.7,6.4,9.5,6.0,1.5,0.8,40.8,41
E07000037,High Peak,"90,892",5.5,3.3,2.1,6.0,1.3,2.6,2.5,5.6,5.1,19.4,22.4,7.1,9.5,5.6,1.4,0.8,41.1,43
E07000038,North East Derbyshire,"99,023",4.8,3.0,2.0,5.4,1.3,2.5,2.3,5.1,4.8,18.2,21.8,7.7,11.8,6.8,1.7,0.9,43.3,45
E07000039,South Derbyshire,"94,611",6.1,3.7,2.3,6.4,1.4,2.7,2.2,5.2,5.7,21.7,20.8,6.6,8.6,5.0,1.2,0.6,39.5,40
E07000040,East Devon,"132,457",4.4,2.7,1.8,5.3,1.1,2.4,2.0,4.2,3.9,15.5,20.1,8.2,13.7,9.7,3.1,1.7,46.9,49
E07000041,Exeter,"117,773",5.7,2.9,1.8,4.5,0.9,2.0,5.1,12.0,7.7,19.5,17.1,5.2,7.4,5.5,1.7,0.9,38.1,35
E07000042,Mid Devon,"77,750",5.8,3.3,2.1,6.1,1.4,2.5,2.1,4.7,5.0,17.8,21.3,7.5,10.9,6.6,1.8,1.0,42.3,44
E07000043,North Devon,"93,667",5.4,3.1,2.0,5.6,1.3,2.5,2.2,5.1,4.9,17.3,20.7,7.7,11.7,7.3,2.0,1.2,43.3,45
E07000044,South Hams,"83,140",4.4,2.8,2.0,5.5,1.2,2.4,2.0,4.4,4.1,15.4,23.0,9.0,12.6,7.8,2.2,1.2,45.3,48
E07000045,Teignbridge,"124,220",4.8,3.0,1.9,5.6,1.2,2.4,2.1,4.6,4.4,16.9,21.7,8.0,11.9,7.8,2.4,1.3,44.6,47
E07000046,Torridge,"63,839",4.9,2.8,2.0,5.5,1.2,2.4,2.0,4.7,4.1,16.5,21.6,8.7,12.8,7.6,2.0,1.0,44.6,47
E07000047,West Devon,"53,553",4.8,3.0,2.0,5.7,1.2,2.4,1.9,4.5,4.2,16.3,22.5,8.4,12.5,7.4,2.1,1.2,44.6,47
E07000048,Christchurch,"47,752",4.5,2.8,1.8,5.4,1.1,2.2,1.9,4.3,3.9,15.7,18.8,7.8,13.7,10.8,3.4,1.8,47.1,49
E07000049,East Dorset,"87,166",4.3,2.8,1.9,5.4,1.2,2.3,2.0,4.2,3.5,15.1,21.1,8.4,13.5,10.0,2.9,1.5,46.9,49
E07000050,North Dorset,"68,583",5.3,3.2,2.0,6.1,1.4,3.0,2.2,5.0,4.7,17.7,20.4,7.5,11.2,7.2,2.0,1.1,42.8,44
E07000051,Purbeck,"44,973",4.7,2.9,2.0,5.4,1.2,2.5,2.0,4.8,4.4,16.4,21.0,8.3,12.6,8.4,2.3,1.1,44.9,47
E07000052,West Dorset,"99,264",4.4,2.7,1.9,5.6,1.3,2.6,2.0,4.3,3.6,15.3,21.4,8.4,13.2,9.1,2.6,1.5,46.2,49
E07000053,Weymouth and Portland,"65,167",5.1,3.0,2.0,5.4,1.1,2.4,2.5,6.0,5.2,17.8,21.1,7.5,11.0,7.0,1.9,1.0,42.8,44
E07000061,Eastbourne,"99,412",5.4,3.0,1.9,5.4,1.2,2.5,2.6,6.1,6.1,18.3,18.4,6.7,10.1,8.1,2.6,1.6,42.8,43
E07000062,Hastings,"90,254",6.2,3.2,2.0,5.9,1.2,2.6,2.5,6.4,6.2,19.6,20.2,6.7,8.8,5.6,1.7,1.0,40.2,41
E07000063,Lewes,"97,502",5.2,3.2,2.1,5.7,1.2,2.4,2.1,4.8,4.7,17.3,21.1,7.4,11.2,7.9,2.3,1.3,43.7,45
E07000064,Rother,"90,588",4.4,2.7,1.8,5.7,1.1,2.5,2.0,4.0,3.7,14.4,20.5,8.8,13.5,9.8,3.1,2.0,47.2,50
E07000065,Wealden,"148,915",5.0,3.3,2.2,6.1,1.2,2.6,2.1,4.2,4.1,16.8,21.7,7.8,11.8,7.7,2.1,1.3,44.0,46
E07000066,Basildon,"174,497",6.5,3.7,2.4,6.2,1.3,2.7,2.3,5.8,6.3,21.0,19.7,6.0,8.3,5.7,1.4,0.7,39.1,39
E07000067,Braintree,"147,084",6.4,3.6,2.3,6.1,1.3,2.5,2.2,5.4,5.7,20.7,20.5,6.8,8.9,5.4,1.5,0.8,40.0,41
E07000068,Brentwood,"73,601",5.3,3.3,2.2,6.2,1.2,2.8,2.1,5.0,5.2,19.9,21.3,6.5,9.4,6.7,2.0,1.0,41.6,43
E07000069,Castle Point,"88,011",4.7,3.0,2.0,5.9,1.3,2.6,2.3,5.4,4.8,17.7,20.5,8.1,11.9,7.0,1.7,0.9,43.2,45
E07000070,Chelmsford,"168,310",5.9,3.4,2.2,5.8,1.2,2.6,2.3,5.9,6.3,20.9,20.3,6.5,8.7,5.7,1.5,0.8,40.1,40
E07000071,Colchester,"173,074",6.2,3.4,2.1,5.6,1.2,2.4,3.2,8.0,6.9,20.6,18.5,6.3,8.3,5.3,1.4,0.8,38.9,38
E07000072,Epping Forest,"124,659",5.9,3.4,2.1,5.8,1.2,2.5,2.2,5.3,5.3,20.5,21.0,6.7,9.2,6.2,1.7,0.9,41.1,42
E07000073,Harlow,"81,944",7.3,3.7,2.3,6.0,1.2,2.7,2.2,5.9,7.3,21.6,19.6,5.1,7.2,5.8,1.3,0.6,38.2,37
E07000074,Maldon,"61,629",4.9,3.1,2.2,6.0,1.3,2.5,2.0,4.7,4.0,18.5,22.4,8.3,11.3,6.3,1.5,1.0,43.0,45
E07000075,Rochford,"83,287",5.2,3.1,2.1,6.2,1.4,2.7,2.1,5.0,4.5,19.3,21.1,7.3,10.6,6.9,1.7,0.8,42.3,44
E07000076,Tendring,"138,048",4.9,2.9,1.9,5.6,1.2,2.4,2.1,4.9,4.1,15.3,19.5,8.2,13.6,9.3,2.6,1.4,45.7,48
E07000077,Uttlesford,"79,443",5.9,3.8,2.5,6.7,1.4,2.9,2.1,4.5,4.5,19.8,22.2,6.7,9.1,5.5,1.5,0.9,40.6,42
E07000078,Cheltenham,"115,732",5.6,3.0,1.9,5.4,1.2,2.5,2.9,7.9,8.1,20.8,18.6,5.5,8.1,5.7,1.9,1.0,39.5,38
E07000079,Cotswold,"82,881",4.7,3.0,2.0,5.7,1.1,2.4,2.2,4.6,4.1,17.7,22.4,7.7,11.4,7.6,2.2,1.2,44.2,46
E07000080,Forest of Dean,"81,961",4.9,3.0,2.0,5.8,1.3,2.9,2.5,5.1,4.4,17.5,21.9,7.8,11.4,6.6,1.8,0.9,43.0,45
E07000081,Gloucester,"121,688",6.8,3.6,2.3,6.0,1.3,2.6,2.6,6.9,7.2,21.0,19.5,5.4,7.8,5.0,1.4,0.6,38.2,38
E07000082,Stroud,"112,779",5.4,3.2,2.2,6.0,1.3,2.7,2.1,4.7,4.4,19.0,22.1,7.4,10.4,6.4,1.8,0.9,42.3,44
E07000083,Tewkesbury,"81,943",5.6,3.2,2.0,5.7,1.2,2.4,1.9,5.0,4.9,19.5,21.4,7.0,10.8,6.6,1.9,0.9,42.4,44
E07000084,Basingstoke and Deane,"167,799",6.8,3.6,2.3,6.2,1.3,2.4,2.0,5.3,6.6,22.4,20.7,6.1,8.0,4.7,1.2,0.6,38.7,39
E07000085,East Hampshire,"115,608",5.4,3.4,2.3,6.3,1.4,2.8,2.2,4.7,4.4,18.4,22.5,7.1,10.2,6.3,1.8,1.0,42.0,44
E07000086,Eastleigh,"125,199",6.2,3.4,2.1,5.9,1.3,2.6,2.2,5.8,5.8,20.6,21.0,6.4,8.7,5.7,1.5,0.8,40.1,41
E07000087,Fareham,"111,581",5.0,3.1,2.1,6.0,1.2,2.6,2.2,5.2,4.8,18.9,21.5,7.0,10.6,7.1,1.8,0.9,42.6,44
E07000088,Gosport,"82,622",6.6,3.5,2.2,6.0,1.4,2.5,2.3,6.0,6.5,19.8,19.9,6.3,8.7,5.9,1.6,0.8,39.8,40
E07000089,Hart,"91,033",6.2,3.9,2.4,6.4,1.3,2.5,1.9,4.7,5.0,21.6,21.2,6.5,9.3,5.2,1.3,0.7,40.0,41
E07000090,Havant,"120,684",5.6,3.3,2.0,6.0,1.3,2.6,2.4,5.6,5.3,17.4,20.6,6.8,10.7,7.6,1.9,1.0,42.3,44
E07000091,New Forest,"176,462",4.9,2.9,1.9,5.5,1.2,2.3,2.0,4.6,4.3,16.5,21.0,7.9,12.1,8.7,2.7,1.5,45.2,47
E07000092,Rushmoor,"93,807",7.2,3.8,2.2,5.8,1.3,2.7,2.4,7.1,7.8,24.1,18.6,4.9,6.7,3.9,1.1,0.6,36.6,36
E07000093,Test Valley,"116,398",5.8,3.4,2.2,6.1,1.3,2.6,2.1,4.9,4.6,19.5,21.8,7.2,10.0,5.9,1.6,0.9,41.4,43
E07000094,Winchester,"116,595",5.6,3.4,2.2,6.0,1.2,2.8,2.9,6.4,4.8,18.9,20.4,6.6,9.6,6.3,1.8,1.0,40.9,42
E07000095,Broxbourne,"93,609",6.6,3.6,2.3,6.3,1.2,2.6,2.4,6.0,6.1,21.2,19.7,5.7,8.6,5.8,1.3,0.6,39.1,39
E07000096,Dacorum,"144,847",6.7,3.5,2.3,6.1,1.3,2.6,2.1,5.5,6.0,21.4,21.0,5.8,7.8,5.7,1.6,0.8,39.4,40
E07000097,East Hertfordshire,"137,687",6.0,3.6,2.4,6.6,1.4,2.9,2.0,4.7,5.3,22.1,21.5,6.1,8.1,5.3,1.3,0.7,39.5,40
E07000098,Hertsmere,"100,031",6.7,3.7,2.3,6.2,1.3,2.7,2.1,5.9,6.1,20.7,20.3,5.8,8.0,5.7,1.7,0.9,39.4,39
E07000099,North Hertfordshire,"127,114",6.3,3.6,2.2,6.0,1.3,2.5,2.0,4.8,6.0,21.6,20.4,6.1,8.5,5.9,1.7,0.9,40.2,40
E07000100,St Albans,"140,664",7.3,4.0,2.5,6.3,1.3,2.6,1.8,4.5,5.6,23.0,20.0,5.6,7.9,5.4,1.5,0.8,38.9,39
E07000101,Stevenage,"83,957",7.0,3.6,2.3,6.1,1.3,2.7,2.6,6.5,7.3,21.2,20.3,4.9,7.1,5.2,1.2,0.6,37.8,37
E07000102,Three Rivers,"87,317",6.2,3.7,2.4,6.5,1.3,2.7,2.1,5.0,5.4,20.9,21.0,6.1,8.4,5.9,1.6,0.9,40.0,41
E07000103,Watford,"90,301",7.5,3.7,2.3,5.9,1.3,2.4,2.2,6.3,8.9,24.9,17.9,4.4,6.4,4.2,1.1,0.6,36.5,35
E07000104,Welwyn Hatfield,"110,535",6.1,3.3,2.1,5.5,1.2,2.4,3.8,10.3,7.0,19.4,18.4,5.0,7.3,5.7,1.5,0.8,38.0,36
E07000105,Ashford,"117,956",6.6,3.7,2.5,6.6,1.3,2.7,2.4,5.3,5.5,20.0,19.9,6.5,9.2,5.4,1.5,0.8,39.6,40
E07000106,Canterbury,"151,145",5.0,3.0,2.0,5.6,1.2,2.4,5.2,10.7,5.7,16.3,17.7,6.4,9.5,6.3,1.9,1.1,40.0,39
E07000107,Dartford,"97,365",6.9,3.8,2.3,6.1,1.4,2.5,2.2,6.4,7.3,22.4,19.0,5.2,7.3,5.1,1.3,0.7,37.8,37
E07000108,Dover,"111,674",5.6,3.2,2.1,6.0,1.3,2.6,2.3,5.2,5.3,17.9,21.0,7.4,10.7,6.6,1.8,1.0,42.1,44
E07000109,Gravesham,"101,720",6.5,3.8,2.3,6.4,1.3,2.9,2.4,6.4,6.5,20.3,19.3,5.8,8.4,5.6,1.3,0.7,38.7,39
E07000110,Maidstone,"155,143",6.2,3.5,2.2,6.1,1.2,2.6,2.2,5.6,6.2,20.4,20.2,6.6,9.2,5.6,1.5,0.8,40.1,41
E07000111,Sevenoaks,"114,893",6.1,3.7,2.3,6.2,1.2,2.8,2.0,4.6,4.6,19.5,21.2,7.1,9.8,6.5,1.7,0.9,41.4,43
E07000112,Shepway,"107,969",5.6,3.1,2.1,5.9,1.2,2.6,2.3,5.7,5.2,18.1,20.0,7.5,10.7,6.9,2.0,1.2,42.4,43
E07000113,Swale,"135,835",6.4,3.5,2.3,6.5,1.3,2.7,2.4,5.7,6.0,19.4,20.2,6.8,9.3,5.4,1.3,0.7,39.6,40
E07000114,Thanet,"134,186",6.0,3.3,2.1,6.4,1.3,2.6,2.5,5.5,5.5,17.2,19.3,7.1,10.7,7.1,2.1,1.2,41.9,43
E07000115,Tonbridge and Malling,"120,805",6.2,3.9,2.5,6.8,1.4,3.0,2.3,4.8,4.8,20.6,20.6,6.3,9.1,5.8,1.3,0.7,39.8,41
E07000116,Tunbridge Wells,"115,049",6.4,3.7,2.4,6.7,1.4,2.9,2.0,4.8,5.9,21.1,20.1,6.1,8.4,5.6,1.6,1.0,39.6,40
E07000117,Burnley,"87,059",6.7,3.7,2.2,5.8,1.3,2.6,2.6,6.4,6.6,19.5,19.7,6.7,8.7,5.3,1.5,0.8,39.4,39
E07000118,Chorley,"107,155",5.8,3.5,2.1,5.7,1.3,2.4,2.1,5.7,5.8,20.8,21.0,7.2,9.7,5.1,1.3,0.7,40.5,41
E07000119,Fylde,"75,757",4.8,2.8,1.9,5.3,1.1,2.3,2.0,4.5,4.7,17.1,21.7,7.5,12.1,8.6,2.3,1.2,44.9,47
E07000120,Hyndburn,"80,734",6.7,3.8,2.4,6.3,1.4,2.7,2.4,6.2,6.5,20.2,19.1,6.3,8.8,5.2,1.3,0.6,38.7,39
E07000121,Lancaster,"138,375",5.2,2.9,1.8,5.6,1.1,2.4,4.7,9.5,5.8,17.6,18.9,6.3,9.6,6.2,1.7,0.9,40.2,40
E07000122,Pendle,"89,452",7.1,3.8,2.3,6.0,1.3,2.4,2.4,6.4,7.0,19.5,19.0,6.7,8.6,5.4,1.4,0.7,38.9,39
E07000123,Preston,"140,202",6.6,3.5,2.1,5.7,1.1,2.4,3.9,10.0,7.7,20.1,18.0,5.1,7.1,4.8,1.2,0.6,36.9,35
E07000124,Ribble Valley,"57,132",5.0,3.2,2.2,6.7,1.4,2.7,2.1,4.7,4.2,17.8,22.3,7.4,11.0,6.6,1.7,0.9,42.5,44
E07000125,Rossendale,"67,982",6.4,3.4,2.3,6.0,1.3,2.7,2.3,5.7,5.8,20.5,21.1,6.9,8.5,5.0,1.3,0.6,39.6,40
E07000126,South Ribble,"109,057",5.8,3.3,2.1,5.8,1.2,2.5,2.2,5.8,5.8,20.0,20.7,6.9,9.8,5.8,1.5,0.7,40.8,42
E07000127,West Lancashire,"110,685",5.4,3.2,2.1,6.0,1.2,2.5,3.2,6.5,4.9,17.8,21.0,7.1,10.6,6.1,1.4,0.7,41.2,42
E07000128,Wyre,"107,749",4.7,2.9,1.9,5.4,1.2,2.6,2.3,5.0,4.5,16.4,20.8,7.6,12.8,8.6,2.3,1.1,44.7,47
E07000129,Blaby,"93,915",5.8,3.5,2.2,6.0,1.3,2.6,2.3,5.3,5.3,20.2,20.8,6.8,9.7,6.0,1.5,0.7,40.9,42
E07000130,Charnwood,"166,100",5.5,3.0,1.9,5.4,1.1,2.5,4.1,9.7,6.1,18.8,19.2,6.2,8.6,5.6,1.4,0.8,39.3,39
E07000131,Harborough,"85,382",5.5,3.5,2.3,6.5,1.3,2.7,2.0,4.3,4.3,19.7,22.4,7.1,9.9,5.9,1.6,0.8,41.6,43
E07000132,Hinckley and Bosworth,"105,078",5.5,3.2,2.0,5.7,1.2,2.5,2.0,5.1,5.5,19.8,21.5,7.5,10.1,6.0,1.6,0.7,41.7,43
E07000133,Melton,"50,376",5.5,3.2,2.1,6.0,1.3,2.5,2.1,5.0,5.0,19.1,22.4,7.3,9.9,6.0,1.7,0.8,41.7,43
E07000134,North West Leicestershire,"93,468",5.9,3.6,2.2,6.0,1.2,2.5,2.1,5.1,5.3,20.5,21.2,7.1,9.6,5.5,1.5,0.7,40.8,42
E07000135,Oadby and Wigston,"56,170",5.1,3.0,1.9,6.0,1.3,2.8,4.8,6.2,5.4,17.9,20.1,6.1,9.5,7.2,1.8,0.9,41.0,41
E07000136,Boston,"64,637",5.9,3.1,1.9,5.5,1.2,2.3,2.2,6.1,6.8,18.7,19.8,6.8,10.5,6.7,1.7,0.8,41.5,42
E07000137,East Lindsey,"136,401",4.5,2.7,1.7,5.3,1.2,2.3,2.0,4.7,4.3,15.2,21.0,9.0,14.6,8.4,2.0,1.0,45.8,49
E07000138,Lincoln,"93,541",5.9,2.9,1.7,4.9,1.1,2.2,5.0,12.0,8.5,19.1,17.4,5.2,7.2,4.9,1.4,0.8,37.4,34
E07000139,North Kesteven,"107,766",5.1,3.1,2.1,6.1,1.3,2.5,2.0,4.7,5.0,19.0,20.9,7.3,11.5,6.8,1.7,0.9,42.7,44
E07000140,South Holland,"88,270",5.1,2.9,2.0,5.6,1.3,2.4,1.9,5.1,5.3,18.3,20.4,7.5,11.6,7.8,1.9,1.0,43.4,45
E07000141,South Kesteven,"133,788",5.6,3.2,2.2,6.2,1.4,2.6,2.1,4.7,5.1,19.2,21.6,7.2,10.3,6.1,1.8,0.9,41.8,43
E07000142,West Lindsey,"89,250",4.9,3.0,2.0,6.0,1.4,2.7,2.3,4.6,4.4,17.5,22.4,7.9,11.7,6.8,1.6,0.9,43.1,45
E07000143,Breckland,"130,491",5.7,3.0,1.9,5.7,1.3,2.4,2.1,5.6,5.6,17.9,19.7,7.5,11.3,7.3,1.9,1.0,42.6,44
E07000144,Broadland,"124,646",4.9,3.0,2.0,5.8,1.2,2.5,2.0,4.4,4.3,18.6,21.3,7.8,11.6,7.6,2.0,1.1,43.9,45
E07000145,Great Yarmouth,"97,277",5.7,3.1,2.0,5.7,1.5,2.5,2.3,6.1,5.9,17.1,19.6,7.4,11.2,7.0,1.9,0.9,42.1,43
E07000146,Kingâ€™s Lynn and West Norfolk,"147,451",5.4,3.0,2.0,5.3,1.1,2.4,2.0,5.5,5.6,17.3,19.7,7.6,12.1,7.9,2.0,1.0,43.5,45
E07000147,North Norfolk,"101,499",4.3,2.4,1.7,4.9,1.2,2.2,1.9,4.5,4.2,14.4,20.6,9.1,14.6,10.1,2.6,1.5,47.5,51
E07000148,Norwich,"132,512",6.4,3.0,1.7,4.4,0.9,1.9,3.9,11.5,9.7,21.2,15.9,4.9,7.0,5.1,1.6,0.9,37.4,34
E07000149,South Norfolk,"124,012",5.5,3.1,2.0,6.1,1.2,2.6,2.0,4.3,4.6,18.4,20.9,7.7,11.4,7.2,1.9,0.9,43.0,45
E07000150,Corby,"61,255",7.4,3.6,2.3,6.1,1.2,2.6,2.4,6.4,7.8,21.1,20.3,5.2,7.7,4.5,1.0,0.4,37.5,37
E07000151,Daventry,"77,843",5.6,3.5,2.4,6.3,1.4,2.7,2.2,4.9,4.6,19.9,22.4,7.3,9.7,5.2,1.3,0.7,40.9,43
E07000152,East Northamptonshire,"86,765",6.0,3.7,2.2,6.4,1.4,2.9,2.2,4.6,4.9,20.6,20.9,7.2,9.3,5.3,1.5,0.8,40.4,42
E07000153,Kettering,"93,475",6.7,3.7,2.3,6.0,1.2,2.5,2.2,5.3,6.2,21.5,19.6,6.6,8.7,5.1,1.5,0.8,39.5,40
E07000154,Northampton,"212,069",7.5,3.7,2.2,5.7,1.2,2.4,2.7,7.2,8.0,22.2,18.4,5.5,7.0,4.4,1.3,0.7,37.1,36
E07000155,South Northamptonshire,"85,189",5.6,3.6,2.5,6.5,1.3,2.6,2.0,4.2,4.2,20.5,22.7,7.4,9.5,5.3,1.4,0.7,41.1,43
E07000156,Wellingborough,"75,356",6.7,3.7,2.3,6.1,1.2,2.5,2.1,5.3,6.2,20.9,20.0,6.7,9.0,5.2,1.4,0.7,39.6,40
E07000163,Craven,"55,409",4.6,2.8,2.1,6.0,1.3,2.5,2.0,4.3,4.1,16.9,22.6,8.0,11.7,7.6,2.2,1.2,44.5,47
E07000164,Hambleton,"89,140",4.9,3.1,2.0,5.7,1.2,2.4,2.2,5.0,4.7,17.1,22.4,7.7,11.7,7.1,1.8,0.9,43.5,46
E07000165,Harrogate,"157,869",5.5,3.3,2.2,6.0,1.3,2.6,2.1,4.7,5.2,19.4,21.5,6.8,10.1,6.6,1.9,1.1,42.0,43
E07000166,Richmondshire,"51,965",5.6,3.2,2.2,5.7,1.2,2.3,3.3,8.2,6.7,18.0,19.4,6.8,9.7,5.7,1.4,0.7,40.0,40
E07000167,Ryedale,"51,751",4.6,2.9,1.8,5.8,1.3,2.8,2.0,4.3,4.0,16.4,22.2,8.4,12.4,7.9,1.9,1.0,44.6,47
E07000168,Scarborough,"108,793",4.9,2.8,1.8,5.3,1.2,2.3,2.5,5.8,4.9,15.9,21.3,8.0,12.2,7.8,2.1,1.1,44.2,46
E07000169,Selby,"83,449",5.8,3.3,2.2,5.8,1.2,2.6,2.2,5.3,5.2,19.9,22.5,7.2,9.2,5.5,1.4,0.7,40.9,42
E07000170,Ashfield,"119,497",6.2,3.4,2.2,6.0,1.3,2.5,2.4,5.9,5.9,20.4,20.5,6.3,9.7,5.2,1.4,0.7,40.0,41
E07000171,Bassetlaw,"112,863",5.4,3.1,2.0,6.0,1.3,2.7,2.3,5.3,5.3,19.1,21.6,7.2,10.2,6.1,1.5,0.7,41.5,43
E07000172,Broxtowe,"109,487",5.6,2.9,1.9,5.3,1.1,2.5,2.3,6.1,6.1,20.2,20.7,6.9,9.8,6.1,1.6,0.8,41.4,42
E07000173,Gedling,"113,543",5.7,3.2,2.1,5.8,1.2,2.5,2.3,5.3,5.5,19.9,21.3,6.8,9.8,6.3,1.7,0.7,41.4,42
E07000174,Mansfield,"104,466",6.1,3.2,2.0,5.6,1.2,2.6,2.4,6.2,6.5,19.6,21.0,6.2,9.2,5.8,1.5,0.7,40.2,41
E07000175,Newark and Sherwood,"114,817",5.5,3.3,2.1,6.0,1.2,2.5,2.3,5.3,5.2,19.0,21.3,7.2,10.4,6.2,1.6,0.8,41.6,43
E07000176,Rushcliffe,"111,129",5.8,3.4,2.2,6.0,1.2,2.4,2.3,5.6,4.8,20.0,21.4,6.7,9.6,6.3,1.7,0.8,41.2,42
E07000177,Cherwell,"141,868",6.9,3.6,2.2,6.1,1.2,2.5,2.2,5.4,6.8,21.8,20.1,5.9,8.1,5.2,1.3,0.7,38.9,39
E07000178,Oxford,"151,906",6.1,3.0,1.9,4.7,0.9,2.1,5.5,14.8,11.3,20.6,14.3,3.9,5.5,3.7,1.1,0.6,34.3,29
E07000179,South Oxfordshire,"134,257",6.1,3.6,2.3,6.1,1.3,2.4,2.0,4.6,5.3,20.5,21.0,6.5,9.7,5.9,1.6,0.9,40.9,42
E07000180,Vale of White Horse,"120,988",6.1,3.4,2.1,6.1,1.3,2.6,2.2,4.9,5.8,20.0,20.9,6.6,9.4,6.1,1.6,0.9,40.8,41
E07000181,West Oxfordshire,"104,779",6.1,3.4,2.1,5.8,1.2,2.4,2.1,5.1,5.8,20.2,20.8,6.6,9.7,6.1,1.7,0.9,41.1,42
E07000187,Mendip,"109,279",5.4,3.3,2.1,6.4,1.4,3.2,2.3,4.9,4.7,17.9,21.6,7.3,10.1,6.5,1.9,1.0,41.9,43
E07000188,Sedgemoor,"114,588",5.5,3.2,2.0,6.0,1.3,2.7,2.2,5.4,4.9,17.5,21.4,7.4,10.9,6.8,1.9,1.0,42.4,44
E07000189,South Somerset,"161,243",5.4,3.1,2.1,5.8,1.3,2.5,2.2,5.3,5.0,17.6,20.5,7.6,11.2,7.3,2.1,1.1,42.9,44
E07000190,Taunton Deane,"110,187",5.7,3.2,2.1,5.8,1.4,2.8,2.3,5.7,5.5,18.4,20.4,6.8,9.8,6.9,2.1,1.2,41.8,43
E07000191,West Somerset,"34,675",4.2,2.4,1.6,4.7,1.1,2.1,2.0,5.0,4.5,13.3,21.1,9.0,14.9,9.7,2.9,1.5,47.7,51
E07000192,Cannock Chase,"97,462",6.0,3.4,2.1,6.0,1.3,2.6,2.4,6.0,6.3,20.9,20.4,6.3,9.1,5.1,1.3,0.6,39.6,40
E07000193,East Staffordshire,"113,583",6.2,3.5,2.3,5.9,1.3,2.7,2.3,5.9,6.3,20.1,20.5,6.2,9.1,5.7,1.4,0.7,39.8,40
E07000194,Lichfield,"100,654",5.3,3.2,2.1,5.7,1.2,2.5,2.2,5.2,5.0,19.1,20.9,7.5,11.9,6.0,1.5,0.8,42.2,44
E07000195,Newcastle-under-Lyme,"123,871",5.1,3.2,1.9,5.6,1.1,2.4,3.4,7.7,5.6,18.8,20.2,6.8,9.7,6.2,1.6,0.7,40.8,41
E07000196,South Staffordshire,"108,131",4.5,2.9,1.9,5.8,1.2,2.6,2.3,5.6,4.6,17.8,22.4,7.6,11.8,6.6,1.6,0.8,43.2,45
E07000197,Stafford,"130,869",5.4,3.2,1.9,5.5,1.1,2.4,2.4,6.1,5.4,19.4,20.9,7.0,10.7,6.1,1.6,0.9,41.8,43
E07000198,Staffordshire Moorlands,"97,106",4.8,2.9,2.0,5.5,1.2,2.5,2.1,4.9,4.6,18.6,21.7,8.1,11.7,6.7,1.7,0.9,43.4,45
E07000199,Tamworth,"76,813",6.6,3.7,2.2,6.2,1.2,2.6,2.4,6.2,6.7,21.0,20.1,6.5,8.5,4.5,1.1,0.5,38.6,39
E07000200,Babergh,"87,740",5.1,3.4,2.1,6.2,1.3,2.6,1.9,4.5,4.3,18.1,21.1,8.0,11.4,7.1,1.9,1.0,43.1,45
E07000201,Forest Heath,"59,748",6.9,3.4,2.0,5.2,1.0,2.0,1.9,7.8,9.2,21.0,17.4,6.0,8.5,5.6,1.5,0.7,38.8,37
E07000202,Ipswich,"133,384",6.9,3.6,2.1,5.7,1.2,2.6,2.7,7.2,8.2,21.4,18.3,5.4,7.2,5.3,1.5,0.8,38.0,36
E07000203,Mid Suffolk,"96,731",5.4,3.3,2.2,6.1,1.3,2.5,2.0,4.7,4.7,18.2,21.5,7.8,11.0,6.5,1.7,0.9,42.4,44
E07000204,St Edmundsbury,"111,008",6.0,3.3,2.1,5.7,1.2,2.5,2.1,5.8,6.5,19.6,19.4,6.8,10.2,6.1,1.7,1.0,41.0,41
E07000205,Suffolk Coastal,"124,298",5.0,3.2,2.0,6.1,1.3,2.6,2.0,4.3,4.0,16.9,21.4,8.0,11.8,8.0,2.2,1.2,44.2,46
E07000206,Waveney,"115,254",5.4,3.1,2.0,5.6,1.2,2.5,2.2,5.2,5.0,17.1,19.3,7.7,12.1,8.2,2.2,1.3,43.9,45
E07000207,Elmbridge,"130,875",7.2,4.1,2.5,6.4,1.2,2.5,1.8,3.9,4.6,22.6,21.0,5.9,8.1,5.6,1.8,1.0,39.8,40
E07000208,Epsom and Ewell,"75,102",6.2,3.6,2.3,6.3,1.3,2.6,2.3,5.6,5.3,21.2,20.3,6.3,8.5,5.7,1.7,0.9,40.0,40
E07000209,Guildford,"137,183",5.9,3.4,2.1,5.4,1.1,2.2,3.2,8.2,6.8,21.0,19.3,5.8,7.9,5.3,1.5,0.9,39.0,38
E07000210,Mole Valley,"85,375",5.4,3.3,2.2,6.3,1.3,2.7,1.9,4.2,4.4,18.9,21.9,6.9,10.4,7.2,2.0,1.1,42.7,44
E07000211,Reigate and Banstead,"137,835",6.6,3.6,2.3,6.0,1.2,2.4,2.0,5.1,5.9,22.1,20.2,6.1,8.1,5.6,1.8,1.0,39.9,40
E07000212,Runnymede,"80,510",6.0,3.1,1.9,5.2,1.0,2.1,3.6,8.7,5.6,20.8,19.5,5.7,8.2,6.0,1.7,0.9,39.7,39
E07000213,Spelthorne,"95,598",6.3,3.3,2.1,5.4,1.2,2.4,2.1,5.4,6.2,21.7,20.6,5.9,8.9,6.1,1.6,0.8,40.4,41
E07000214,Surrey Heath,"86,144",6.0,3.7,2.3,6.3,1.3,2.7,2.0,4.9,5.3,21.3,21.5,6.1,8.9,5.7,1.4,0.7,40.2,41
E07000215,Tandridge,"82,998",5.9,3.5,2.2,6.5,1.3,2.7,2.0,4.8,4.7,19.6,21.6,6.8,9.5,6.2,1.7,1.1,41.3,43
E07000216,Waverley,"121,572",6.0,3.7,2.3,6.4,1.4,2.9,2.2,4.2,4.3,19.8,20.6,6.6,9.8,6.6,1.9,1.2,41.5,42
E07000217,Woking,"99,198",7.3,3.8,2.3,5.6,1.2,2.3,1.9,5.0,6.9,23.8,19.5,5.5,7.4,5.2,1.5,0.8,38.7,38
E07000218,North Warwickshire,"62,014",5.3,3.1,2.1,6.0,1.2,2.5,2.2,5.2,5.3,19.5,22.1,7.2,10.5,5.7,1.5,0.7,41.7,43
E07000219,Nuneaton and Bedworth,"125,252",6.3,3.4,2.2,5.9,1.3,2.6,2.3,6.0,6.4,20.3,20.1,6.4,9.4,5.4,1.3,0.6,39.7,40
E07000220,Rugby,"100,075",6.3,3.5,2.2,6.1,1.3,2.7,2.1,5.2,6.3,20.9,20.0,6.1,9.4,5.6,1.5,0.8,40.0,40
E07000221,Stratford-on-Avon,"120,485",5.0,3.1,2.0,5.7,1.2,2.4,1.9,4.4,4.5,18.0,22.0,7.8,11.8,7.2,1.9,1.1,43.8,46
E07000222,Warwick,"137,648",5.8,3.2,2.0,5.2,1.0,2.2,2.6,8.4,6.8,21.0,19.2,5.9,8.6,5.6,1.7,0.8,39.7,39
E07000223,Adur,"61,182",5.8,3.1,2.0,5.2,1.3,2.5,2.1,4.9,5.1,19.4,19.8,7.0,11.0,7.7,2.2,1.1,43.0,44
E07000224,Arun,"149,518",4.9,2.8,1.9,5.0,1.1,2.1,2.1,5.0,4.9,17.0,19.4,7.6,12.9,9.1,2.8,1.6,45.5,47
E07000225,Chichester,"113,794",5.0,3.0,2.0,5.4,1.1,2.1,2.5,5.4,4.5,16.5,20.5,7.5,12.1,8.6,2.4,1.3,44.5,46
E07000226,Crawley,"106,597",7.6,3.8,2.3,5.9,1.2,2.5,2.2,6.4,8.5,23.8,18.5,4.8,5.9,4.8,1.3,0.6,36.8,35
E07000227,Horsham,"131,301",5.4,3.3,2.2,6.5,1.3,2.7,2.0,4.3,4.5,19.2,22.2,6.9,10.0,6.6,1.8,1.0,42.1,44
E07000228,Mid Sussex,"139,860",6.0,3.6,2.3,6.3,1.3,2.6,1.9,4.6,5.4,20.4,20.9,6.6,9.2,6.2,1.7,1.1,41.0,42
E07000229,Worthing,"104,640",6.1,3.3,2.0,5.3,1.1,2.2,2.1,5.3,5.7,20.3,19.6,6.3,9.5,7.2,2.4,1.5,42.2,42
E07000234,Bromsgrove,"93,637",5.1,3.2,2.0,5.9,1.3,2.7,2.1,5.0,4.5,18.8,21.8,6.9,10.5,7.0,1.9,1.1,42.6,44
E07000235,Malvern Hills,"74,631",4.4,2.9,2.0,6.0,1.4,2.9,2.1,4.2,3.9,16.0,21.8,8.2,12.4,8.0,2.4,1.2,44.9,47
E07000236,Redditch,"84,214",6.7,3.6,2.2,5.9,1.2,2.6,2.2,6.1,7.1,21.3,20.2,6.7,8.0,4.3,1.2,0.6,38.6,38
E07000237,Worcester,"98,768",6.4,3.5,2.2,5.5,1.1,2.4,3.2,7.5,7.2,21.7,19.0,5.6,7.8,5.0,1.3,0.7,38.3,37
E07000238,Wychavon,"116,944",4.9,3.1,2.0,5.7,1.3,2.4,2.1,4.6,4.6,18.1,22.0,7.8,11.5,7.0,1.9,1.0,43.5,45
E07000239,Wyre Forest,"97,975",5.4,3.0,2.0,5.5,1.2,2.3,2.2,5.2,5.4,18.9,20.0,8.0,11.8,6.5,1.7,0.9,42.7,44
E08000001,Bolton,"276,786",6.8,3.8,2.3,6.4,1.3,2.7,2.5,6.5,6.6,20.5,19.1,6.1,8.5,4.9,1.3,0.6,38.4,38
E08000002,Bury,"185,060",6.6,3.7,2.3,6.1,1.3,2.6,2.3,5.8,6.3,20.5,20.1,6.3,8.8,5.2,1.3,0.7,39.2,40
E08000003,Manchester,"503,127",7.2,3.6,2.1,5.3,1.1,2.1,4.4,13.3,11.2,22.1,14.3,3.6,4.9,3.3,0.8,0.4,33.2,29
E08000004,Oldham ,"224,897",7.3,4.2,2.7,6.8,1.4,2.7,2.6,6.5,6.7,20.0,18.7,5.7,8.1,4.7,1.2,0.6,37.4,37
E08000005,Rochdale,"211,699",7.0,3.9,2.3,6.6,1.4,2.8,2.6,6.6,6.7,20.3,19.4,5.9,7.9,4.9,1.2,0.6,37.9,38
E08000006,Salford,"233,933",6.9,3.5,2.1,5.5,1.2,2.4,2.8,8.4,9.0,20.9,17.8,5.3,7.5,4.8,1.3,0.6,37.4,35
E08000007,Stockport,"283,275",6.1,3.4,2.1,5.9,1.3,2.5,2.2,5.4,5.6,20.1,20.8,6.4,9.4,6.3,1.6,0.8,40.8,41
E08000008,Tameside,"219,324",6.6,3.5,2.2,5.9,1.3,2.6,2.5,6.3,6.5,20.5,20.2,6.3,8.7,5.0,1.3,0.6,39.1,39
E08000009,Trafford,"226,578",6.6,3.8,2.4,6.2,1.3,2.6,2.1,5.2,6.1,21.7,20.4,5.7,8.1,5.7,1.5,0.7,39.3,39
E08000010,Wigan,"317,849",6.2,3.5,2.2,5.7,1.3,2.5,2.4,6.1,6.3,20.8,20.1,6.7,9.5,5.0,1.2,0.5,39.6,40
E08000011,Knowsley ,"145,893",6.3,3.5,2.2,6.3,1.4,2.8,2.7,6.7,6.3,18.8,21.6,5.6,8.2,6.0,1.2,0.5,39.1,40
E08000012,Liverpool,"466,415",5.6,2.9,1.9,5.2,1.2,2.3,3.9,10.9,8.6,19.7,18.6,5.2,7.3,5.1,1.1,0.5,37.7,35
E08000013,St. Helens,"175,308",5.9,3.2,2.0,5.8,1.2,2.5,2.5,6.0,6.0,19.5,20.4,7.0,10.0,5.9,1.4,0.6,40.7,41
E08000014,Sefton,"273,790",5.3,3.0,2.0,5.7,1.2,2.5,2.3,5.8,5.4,17.4,21.6,6.7,10.5,7.6,1.8,0.9,42.5,44
E08000015,Wirral,"319,783",5.8,3.4,2.2,5.9,1.3,2.6,2.3,5.7,5.6,18.4,21.0,6.8,9.8,6.7,1.7,0.9,41.4,42
E08000016,Barnsley,"231,221",6.0,3.4,2.1,5.8,1.3,2.5,2.4,5.9,6.2,19.8,20.9,6.4,9.5,5.7,1.4,0.6,40.4,41
E08000017,Doncaster,"302,402",6.4,3.5,2.2,5.8,1.3,2.6,2.4,6.4,6.7,19.3,20.5,6.2,9.0,5.8,1.4,0.7,39.8,40
E08000018,Rotherham ,"257,280",6.1,3.5,2.2,6.1,1.2,2.6,2.4,5.9,6.0,19.4,20.6,6.5,9.6,5.7,1.4,0.7,40.2,41
E08000019,Sheffield,"552,698",6.1,3.4,2.1,5.5,1.1,2.3,4.3,10.2,7.0,20.0,17.4,5.2,8.1,5.3,1.4,0.8,37.9,36
E08000020,Gateshead,"200,214",5.9,3.2,2.0,5.4,1.2,2.4,2.5,6.0,7.0,20.2,20.2,6.3,9.3,6.2,1.4,0.7,40.5,40
E08000021,Newcastle upon Tyne,"280,177",5.9,3.0,2.0,5.2,1.0,2.2,4.8,12.9,8.2,18.5,17.5,5.0,6.9,4.9,1.3,0.7,36.9,33
E08000022,North Tyneside,"200,801",5.8,3.3,2.0,5.4,1.2,2.3,2.2,5.4,6.2,20.7,21.3,6.5,9.0,6.2,1.6,0.8,40.9,41
E08000023,South Tyneside,"148,127",5.5,3.1,2.0,5.6,1.3,2.5,2.6,6.4,6.0,18.5,21.9,6.5,9.2,6.5,1.7,0.7,41.2,42
E08000024,Sunderland,"275,506",5.6,3.1,2.0,5.6,1.2,2.5,2.8,7.2,6.2,19.2,21.2,6.5,9.1,6.0,1.3,0.6,40.4,41
E08000025,Birmingham,"1,073,045",7.6,4.3,2.6,6.9,1.4,2.7,3.4,8.8,8.0,20.8,16.4,4.3,6.5,4.6,1.2,0.6,35.3,32
E08000026,Coventry,"316,960",7.1,3.6,2.2,5.6,1.3,2.4,4.0,9.7,7.8,20.1,16.8,4.8,7.6,4.9,1.4,0.7,36.8,34
E08000027,Dudley ,"312,925",6.0,3.5,2.2,5.9,1.3,2.6,2.4,5.8,6.1,19.7,19.6,6.2,10.1,6.3,1.5,0.7,40.5,41
E08000028,Sandwell ,"308,063",7.4,4.1,2.5,6.3,1.3,2.6,2.6,6.7,7.5,21.0,17.8,4.9,8.0,5.2,1.3,0.7,37.4,36
E08000029,Solihull,"206,674",5.6,3.4,2.2,6.3,1.4,2.8,2.3,5.5,5.2,18.6,20.8,6.7,9.9,6.6,1.8,0.9,41.3,42
E08000030,Walsall,"269,323",6.8,3.9,2.4,6.4,1.3,2.7,2.5,6.5,6.6,19.5,18.6,5.7,9.2,5.8,1.4,0.6,38.8,39
E08000031,Wolverhampton,"249,470",6.7,3.6,2.2,6.1,1.3,2.7,2.7,7.2,7.2,20.6,18.3,5.2,8.2,5.8,1.5,0.7,38.5,37
E08000032,Bradford,"522,452",7.9,4.4,2.8,6.9,1.4,2.7,2.6,6.8,7.4,20.8,17.8,5.1,6.8,4.7,1.2,0.6,36.2,34
E08000033,Calderdale,"203,826",6.3,3.6,2.2,6.2,1.3,2.5,2.3,5.6,5.9,20.6,20.8,6.5,8.6,5.2,1.4,0.7,39.6,40
E08000034,Kirklees ,"422,458",6.7,3.8,2.4,6.2,1.3,2.5,2.7,6.8,6.5,20.6,19.2,6.1,8.3,5.0,1.3,0.6,38.4,38
E08000035,Leeds,"751,485",6.4,3.4,2.0,5.3,1.2,2.3,3.6,9.6,8.0,20.7,17.7,5.3,7.5,5.1,1.3,0.7,37.6,35
E08000036,Wakefield,"325,837",6.0,3.4,2.1,5.8,1.3,2.6,2.3,6.0,6.4,20.0,20.8,6.5,9.3,5.6,1.4,0.7,40.2,41
E09000001,City of London,"7,375",3.2,1.6,0.9,2.3,0.4,1.0,1.2,7.4,13.0,27.7,21.0,6.3,8.0,4.5,1.0,0.6,41.4,39
E09000002,Barking and Dagenham,"185,911",10.0,4.8,2.9,6.9,1.4,2.8,2.6,7.0,8.1,23.4,16.1,3.7,5.0,3.8,1.1,0.5,33.4,32
E09000003,Barnet,"356,386",7.4,3.9,2.4,6.0,1.2,2.5,2.1,6.7,8.8,23.5,17.5,4.7,6.7,4.5,1.3,0.8,36.8,35
E09000004,Bexley,"231,997",6.5,3.7,2.4,6.5,1.4,2.8,2.5,6.4,6.1,20.3,19.8,5.5,8.1,5.8,1.5,0.7,38.8,39
E09000005,Brent,"311,215",7.2,3.7,2.3,5.8,1.2,2.4,2.3,7.8,11.1,24.5,17.2,3.9,5.8,3.6,0.8,0.4,35.0,32
E09000006,Bromley,"309,392",6.5,3.6,2.2,6.0,1.2,2.6,2.0,5.2,5.8,22.0,20.1,6.0,8.3,6.0,1.6,0.9,39.9,40
E09000007,Camden,"220,338",6.0,3.1,1.9,4.4,0.8,1.6,3.3,9.9,11.8,27.0,15.2,4.2,5.9,3.6,0.9,0.5,35.7,33
E09000008,Croydon,"363,378",7.7,4.0,2.4,6.4,1.4,2.7,2.4,6.5,7.6,22.7,19.4,4.7,6.4,4.2,1.1,0.6,36.4,35
E09000009,Ealing,"338,449",7.5,3.7,2.3,5.6,1.2,2.3,2.0,7.3,10.0,25.8,17.3,4.2,5.7,3.6,0.9,0.5,35.4,33
E09000010,Enfield,"312,466",7.8,4.2,2.5,6.5,1.4,2.7,2.5,7.0,8.0,22.5,18.2,4.4,6.5,4.2,1.1,0.6,35.9,34
E09000011,Greenwich,"254,557",8.2,4.1,2.3,5.9,1.2,2.3,2.7,7.9,8.7,25.8,16.6,4.0,5.4,3.4,1.0,0.5,34.6,33
E09000012,Hackney,"246,270",7.8,3.9,2.3,5.6,1.1,2.1,2.2,8.8,13.7,27.9,14.4,3.0,3.9,2.3,0.5,0.3,32.4,30
E09000013,Hammersmith and Fulham,"182,493",6.5,3.0,1.7,4.2,0.8,1.6,1.9,9.5,14.3,29.0,14.9,3.7,5.0,2.9,0.7,0.4,34.7,32
E09000014,Haringey,"254,926",7.1,3.8,2.3,6.0,1.2,2.2,2.2,7.4,11.0,28.0,16.4,3.6,4.9,2.9,0.6,0.3,34.2,32
E09000015,Harrow,"239,056",6.7,3.8,2.3,6.1,1.3,2.8,2.2,6.7,8.1,22.3,18.6,5.0,7.3,4.9,1.2,0.7,37.6,36
E09000016,Havering,"237,232",5.8,3.4,2.1,6.1,1.3,2.7,2.4,6.3,6.2,19.5,20.2,6.1,8.7,6.6,1.8,0.8,40.4,40
E09000017,Hillingdon,"273,936",7.2,3.8,2.3,6.2,1.2,2.6,3.1,8.0,7.6,22.3,18.0,4.7,6.6,4.5,1.1,0.6,36.4,35
E09000018,Hounslow,"253,957",7.8,3.7,2.2,5.5,1.2,2.3,2.3,7.3,10.3,25.5,17.1,4.3,5.7,3.5,0.9,0.4,35.2,33
E09000019,Islington,"206,125",6.0,2.9,1.8,4.4,0.9,1.7,2.6,9.9,14.4,27.9,15.3,3.5,4.8,2.9,0.7,0.3,34.5,31
E09000020,Kensington and Chelsea,"158,649",5.8,3.0,1.8,4.1,0.7,1.5,1.9,7.1,10.5,28.5,18.0,5.2,6.9,3.6,1.0,0.6,37.8,36
E09000021,Kingston upon Thames,"160,060",6.8,3.5,2.1,5.3,1.1,2.1,2.9,8.4,7.7,24.3,17.9,5.0,6.4,4.2,1.3,0.8,37.0,35
E09000022,Lambeth,"303,086",6.8,3.4,2.0,4.9,1.0,1.8,1.8,8.8,14.2,28.8,15.8,3.0,4.2,2.5,0.6,0.3,33.7,31
E09000023,Lewisham,"275,885",8.0,3.8,2.2,5.5,1.2,2.3,2.4,7.6,9.6,27.1,17.3,3.5,4.9,3.3,0.8,0.4,34.6,33
E09000024,Merton,"199,693",7.4,3.6,2.1,5.2,1.1,2.2,1.9,6.2,10.0,26.9,17.4,4.4,5.9,4.0,1.1,0.6,36.3,34
E09000025,Newham,"307,984",8.2,4.2,2.6,6.4,1.3,2.6,2.7,10.6,13.1,24.9,14.0,2.8,3.7,2.2,0.5,0.2,31.3,29
E09000026,Redbridge,"278,970",7.8,4.1,2.6,6.7,1.3,2.7,2.4,6.8,8.5,23.0,17.6,4.5,6.0,4.1,1.2,0.6,35.6,34
E09000027,Richmond upon Thames,"186,990",7.5,3.7,2.2,5.3,1.1,1.9,1.9,4.9,6.7,26.4,19.5,5.4,7.0,4.4,1.3,0.8,38.3,38
E09000028,Southwark,"288,283",7.2,3.4,2.0,4.9,1.0,2.0,2.5,9.4,12.4,27.9,16.4,3.1,4.2,2.6,0.7,0.3,33.7,32
E09000029,Sutton,"190,146",6.7,3.6,2.2,6.1,1.3,2.7,2.1,5.6,6.9,23.4,19.6,5.5,7.2,5.0,1.4,0.7,38.3,38
E09000030,Tower Hamlets,"254,096",7.4,3.8,2.3,5.2,1.0,1.9,2.8,12.1,15.8,27.6,11.5,2.3,3.2,2.2,0.5,0.2,30.9,29
E09000031,Waltham Forest,"258,249",8.1,4.0,2.4,5.7,1.2,2.4,2.3,8.0,10.3,25.4,16.6,3.8,5.2,3.3,0.9,0.5,34.4,32
E09000032,Wandsworth,"306,995",7.1,3.0,1.7,4.1,0.7,1.5,1.8,7.7,15.4,30.6,14.2,3.5,4.7,2.9,0.8,0.4,34.5,32
E09000033,Westminster,"219,396",5.8,2.8,1.7,3.9,0.7,1.5,2.3,8.0,12.5,29.2,16.2,4.2,6.0,3.7,0.9,0.5,36.7,34
